Participant,Block,version,Trial,Difficulty,Part,Start,Stop,PicNumber,video,
1002,1,normal,1,easy,question,48.6,54.4,37,,
1002,1,normal,1,easy,anwser,54.8,56.8,37,,
1002,1,normal,2,hard,question,59,64.3,18,,
1002,1,normal,2,hard,anwser,64,65.8,18,,
1002,1,normal,3,hard,question,68,73.6,20,,
1002,1,normal,3,hard,anwser,73.8,75,20,,
1002,1,normal,4,hard,question,76.5,82.1,36,,
1002,1,normal,4,hard,anwser,82.5,83.6,36,,
1002,1,normal,5,easy,question,85.1,90.7,39,,
1002,1,normal,5,easy,anwser,90.9,92,39,,
1002,1,normal,6,hard,question,94.4,100,6,,
1002,1,normal,6,hard,anwser,100.4,101,6,,
1002,1,normal,7,easy,question,102.6,108.3,7,,
1002,1,normal,7,easy,anwser,108.5,109.3,7,,
1002,1,normal,8,easy,question,111.3,117,9,,
1002,1,normal,8,easy,anwser,117.3,118,9,,
1002,1,normal,9,hard,question,120.2,126,40,,
1002,1,normal,9,hard,anwser,126.3,127.4,40,,
1002,1,normal,10,easy,question,129.1,134.8,29,,
1002,1,normal,10,easy,anwser,135,135.8,29,,
1002,1,normal,11,easy,question,137.7,143.5,17,,
1002,1,normal,11,easy,anwser,143.6,144.6,17,,
1002,1,normal,12,hard,question,146.9,152.5,16,,
1002,1,normal,12,hard,anwser,152.9,153.5,16,,
1002,1,normal,13,easy,question,155.6,161.1,11,,
1002,1,normal,13,easy,anwser,161.4,162.3,11,,
1002,1,normal,14,easy,question,163.7,169.2,1,,
1002,1,normal,14,easy,anwser,169.5,170.4,1,,
1002,1,normal,15,easy,question,172.3,178.1,13,,
1002,1,normal,15,easy,anwser,178.2,179.2,13,,
1002,1,normal,16,easy,question,180.7,186.3,25,,
1002,1,normal,16,easy,anwser,186.5,187.2,25,,
1002,1,normal,17,easy,question,189.8,195.5,3,,
1002,1,normal,17,easy,anwser,195.7,196.7,3,,
1002,1,normal,18,hard,question,199.3,205,34,,
1002,1,normal,18,hard,anwser,205.2,206.3,34,,
1002,1,normal,19,hard,question,208.1,213.7,22,,
1002,1,normal,19,hard,anwser,214,215,22,,
1002,1,normal,20,easy,question,216.5,222.4,5,,
1002,1,normal,20,easy,anwser,222.5,223.2,5,,
1002,1,normal,21,hard,question,224.8,230.5,38,,
1002,1,normal,21,hard,anwser,230.7,231.7,38,,
1002,1,normal,22,easy,question,233.4,239.5,21,,
1002,1,normal,22,easy,anwser,239.6,240.2,21,,
1002,1,normal,23,hard,question,242.8,248.5,2,,
1002,1,normal,23,hard,anwser,248.7,249.9,2,,
1002,1,normal,24,easy,question,251.6,257.3,10,,
1002,1,normal,24,easy,anwser,257.5,260,10,,
1002,1,normal,25,hard,question,263.4,269.1,12,,
1002,1,normal,25,hard,anwser,269.3,270,12,,
1002,1,normal,26,hard,question,271.9,277.5,26,,
1002,1,normal,26,hard,anwser,277.8,278.2,26,,
1002,1,normal,27,hard,question,280.4,286.3,30,,
1002,1,normal,27,hard,anwser,286.4,287.5,30,,
1002,1,normal,28,hard,question,289.3,295.1,32,,
1002,1,normal,28,hard,anwser,295.4,296.7,32,,
1002,1,normal,29,easy,question,298.5,304,27,,
1002,1,normal,29,easy,anwser,304.3,305.6,27,,
1002,1,normal,30,hard,question,308.6,314.4,4,,
1002,1,normal,30,hard,anwser,314.5,315.5,4,,
1002,1,normal,31,easy,question,317.4,323.4,35,,
1002,1,normal,31,easy,anwser,324.2,324.6,35,,
1002,1,normal,32,easy,question,326.5,332.4,15,,
1002,1,normal,32,easy,anwser,332.7,333.7,15,,
1002,1,normal,33,easy,question,335.9,341.5,31,,
1002,1,normal,33,easy,anwser,341.7,343.2,31,,
1002,1,normal,34,easy,question,345.3,351,23,,
1002,1,normal,34,easy,anwser,351.4,352.5,23,,
1002,1,normal,35,hard,question,354.5,360.4,14,,
1002,1,normal,35,hard,anwser,360.5,361.7,14,,
1002,1,normal,36,easy,question,363.4,369.3,33,,
1002,1,normal,36,easy,anwser,369.4,370.8,33,,
1002,1,normal,37,hard,question,373.5,379.4,28,,
1002,1,normal,37,hard,anwser,379.7,380.8,28,,
1002,1,normal,38,easy,question,383.4,389.3,19,,
1002,1,normal,38,easy,anwser,389.8,390.5,19,,
1002,1,normal,39,hard,question,392.9,398.7,24,,
1002,1,normal,39,hard,anwser,398.9,399.6,24,,
1002,1,normal,40,hard,question,401.7,407.3,8,,
1002,1,normal,40,hard,anwser,407.6,408.5,8,,
1002,2,normal,1,hard,question,71.7,77.7,58,10002_b,
1002,2,normal,1,hard,anwser,78,79.2,58,10002_b,
1002,2,normal,2,hard,question,81,87,72,10002_b,
1002,2,normal,2,hard,anwser,87.1,88.3,72,10002_b,
1002,2,normal,3,easy,question,90.1,95.6,51,10002_b,
1002,2,normal,3,easy,anwser,95.8,96.5,51,10002_b,
1002,2,normal,4,easy,question,99.1,104.5,71,10002_b,
1002,2,normal,4,easy,anwser,104.9,105.5,71,10002_b,
1002,2,normal,5,easy,question,107,112.5,45,10002_b,
1002,2,normal,5,easy,anwser,113,114.1,45,10002_b,
1002,2,normal,6,easy,question,115.7,121.3,61,10002_b,
1002,2,normal,6,easy,anwser,121.7,122.7,61,10002_b,
1002,2,normal,7,hard,question,124.8,130.6,50,10002_b,
1002,2,normal,7,hard,anwser,130.7,131.8,50,10002_b,
1002,2,normal,8,easy,question,133.6,139.3,65,10002_b,
1002,2,normal,8,easy,anwser,139.4,140.6,65,10002_b,
1002,2,normal,9,hard,question,142.7,148.3,66,10002_b,
1002,2,normal,9,hard,anwser,148.5,149.2,66,10002_b,
1002,2,normal,10,hard,question,151.1,157,52,10002_b,
1002,2,normal,10,hard,anwser,157.2,157.9,52,10002_b,
1002,2,normal,11,easy,question,159.8,165.8,43,10002_b,
1002,2,normal,11,easy,anwser,165.9,166.6,43,10002_b,
1002,2,normal,12,easy,question,169,174.6,69,10002_b,
1002,2,normal,12,easy,anwser,174.9,176,69,10002_b,
1002,2,normal,13,hard,question,178.5,184.2,64,10002_b,
1002,2,normal,13,hard,anwser,184.3,185.3,64,10002_b,
1002,2,normal,14,easy,question,188.4,194.1,53,10002_b,
1002,2,normal,14,easy,anwser,194.3,195.4,53,10002_b,
1002,2,normal,15,easy,question,197.1,202.5,59,10002_b,
1002,2,normal,15,easy,anwser,202.9,204.1,59,10002_b,
1002,2,normal,16,hard,question,206.6,212,78,10002_b,
1002,2,normal,16,hard,anwser,212.4,213,78,10002_b,
1002,2,normal,17,hard,question,214.6,220.2,54,10002_b,
1002,2,normal,17,hard,anwser,220.6,221.5,54,10002_b,
1002,2,normal,18,hard,question,223.4,229,68,10002_b,
1002,2,normal,18,hard,anwser,229.4,230.3,68,10002_b,
1002,2,normal,19,easy,question,233.1,238.8,75,10002_b,
1002,2,normal,19,easy,anwser,239,240,75,10002_b,
1002,2,normal,20,easy,question,241,247.7,41,10002_b,
1002,2,normal,20,easy,anwser,248,248.6,41,10002_b,
1002,2,normal,21,hard,question,250.5,256.2,74,10002_b,
1002,2,normal,21,hard,anwser,256.3,257,74,10002_b,
1002,2,normal,22,hard,question,258.7,264.9,56,10002_b,
1002,2,normal,22,hard,anwser,265,266.3,56,10002_b,
1002,2,normal,23,easy,question,268.1,273.8,57,10002_b,
1002,2,normal,23,easy,anwser,274,275.3,57,10002_b,
1002,2,normal,24,easy,question,277.3,293,63,10002_b,
1002,2,normal,24,easy,anwser,283.1,284,63,10002_b,
1002,2,normal,25,easy,question,286.4,292.3,79,10002_b,
1002,2,normal,25,easy,anwser,292.5,293,79,10002_b,
1002,2,normal,26,easy,question,294.4,300.1,55,10002_b,
1002,2,normal,26,easy,anwser,300.3,301.8,55,10002_b,
1002,2,normal,27,hard,question,303.4,309,60,10002_b,
1002,2,normal,27,hard,anwser,309.3,310.4,60,10002_b,
1002,2,normal,28,hard,question,312.5,318.4,70,10002_b,
1002,2,normal,28,hard,anwser,318.5,320,70,10002_b,
1002,2,normal,29,hard,question,321.7,327.5,42,10002_b,
1002,2,normal,29,hard,anwser,327.6,329.2,42,10002_b,
1002,2,normal,30,hard,question,331.5,337.3,46,10002_b,
1002,2,normal,30,hard,anwser,337.5,338.2,46,10002_b,
1002,2,normal,31,hard,question,339.9,345.8,44,10002_b,
1002,2,normal,31,hard,anwser,345.9,346.4,44,10002_b,
1002,2,normal,32,hard,question,348.2,354,76,10002_b,
1002,2,normal,32,hard,anwser,354.1,355.5,76,10002_b,
1002,2,normal,33,hard,question,357.8,363.6,62,10002_b,
1002,2,normal,33,hard,anwser,364.1,364.7,62,10002_b,
1002,2,normal,34,hard,question,366.4,372,80,10002_b,
1002,2,normal,34,hard,anwser,372.5,373.4,80,10002_b,
1002,2,normal,35,easy,question,375.8,381.6,49,10002_b,
1002,2,normal,35,easy,anwser,381.7,383,49,10002_b,
1002,2,normal,36,easy,question,384.9,390,77,10002_b,
1002,2,normal,36,easy,anwser,390.7,391.4,77,10002_b,
1002,2,normal,37,easy,question,392.9,389.5,67,10002_b,
1002,2,normal,37,easy,anwser,399,400.2,67,10002_b,
1002,2,normal,38,easy,question,401.6,407.3,47,10002_b,
1002,2,normal,38,easy,anwser,407.5,408.4,47,10002_b,
1002,2,normal,39,easy,question,409.9,416.2,73,10002_b,
1002,2,normal,39,easy,anwser,416.5,417.5,73,10002_b,
1002,2,normal,40,hard,question,420.5,426.6,48,10002_b,
1002,2,normal,40,hard,anwser,426.8,427.5,48,10002_b,
1003,1,normal,1,easy,question,47.1,52.9,1,1003_a,
1003,1,normal,1,easy,anwser,53,55.8,1,1003_a,
1003,1,normal,2,hard,question,59,64.8,34,1003_a,
1003,1,normal,2,hard,anwser,65,66.2,34,1003_a,
1003,1,normal,3,easy,question,68,73.9,7,1003_a,
1003,1,normal,3,easy,anwser,73.9,75.2,7,1003_a,
1003,1,normal,4,easy,question,76.6,83.1,37,1003_a,
1003,1,normal,4,easy,anwser,83.2,84.3,37,1003_a,
1003,1,normal,5,hard,question,85.8,91.5,38,1003_a,
1003,1,normal,5,hard,anwser,91.5,92.8,38,1003_a,
1003,1,normal,6,easy,question,94.5,100,31,1003_a,
1003,1,normal,6,easy,anwser,100.6,107,31,1003_a,
1003,1,normal,7,easy,question,109.1,114.7,13,1003_a,
1003,1,normal,7,easy,anwser,114.8,116,13,1003_a,
1003,1,normal,8,easy,question,117.6,123.2,11,1003_a,
1003,1,normal,8,,anwser,123.3,124.6,11,1003_a,
1003,1,normal,9,,question,126,132,35,1003_a,
1003,1,normal,9,,anwser,132.2,133.7,35,1003_a,
1003,1,normal,10,,question,135.9,141.6,15,1003_a,
1003,1,normal,10,,anwser,141.7,143.2,15,1003_a,
1003,1,normal,11,,question,144.5,149,6,1003_a,
1003,1,normal,11,,anwser,150,156.6,6,1003_a,
1003,1,normal,12,,question,158.1,163,19,1003_a,
1003,1,normal,12,,anwser,163.8,165.4,19,1003_a,
1003,1,normal,13,,question,167.1,172,14,1003_a,
1003,1,normal,13,,anwser,172.8,174.6,14,1003_a,
1003,1,normal,14,,question,177,182.9,23,1003_a,
1003,1,normal,14,,anwser,183,184,23,1003_a,
1003,1,normal,15,,question,186.3,192,5,1003_a,
1003,1,normal,15,,anwser,192.1,193,5,1003_a,
1003,1,normal,16,,question,195.1,200,26,1003_a,
1003,1,normal,16,,anwser,200.7,201.9,26,1003_a,
1003,1,normal,17,,question,203,209.3,10,1003_a,
1003,1,normal,17,,anwser,209.5,213.3,10,1003_a,
1003,1,normal,18,,question,214,220,17,1003_a,
1003,1,normal,18,,anwser,220.7,222.2,17,1003_a,
1003,1,normal,19,,question,224.1,229,20,1003_a,
1003,1,normal,19,,anwser,230,235,20,1003_a,
1003,1,normal,20,,question,237,243.5,29,1003_a,
1003,1,normal,20,,anwser,243.5,248.3,29,1003_a,
1003,1,normal,21,,question,251.9,257.7,16,1003_a,
1003,1,normal,21,,anwser,257.9,264,16,1003_a,
1003,1,normal,22,,question,266,272.3,3,1003_a,
1003,1,normal,22,,anwser,272.5,274,3,1003_a,
1003,1,normal,23,,question,276.4,282.1,18,1003_a,
1003,1,normal,23,,anwser,282.2,284,18,1003_a,
1003,1,normal,24,,question,286.6,292.3,25,1003_a,
1003,1,normal,24,,anwser,292.3,293.3,25,1003_a,
1003,1,normal,25,,question,295,301.2,4,1003_a,
1003,1,normal,25,,anwser,301.8,307,4,1003_a,
1003,1,normal,26,,question,309.2,314.9,12,1003_a,
1003,1,normal,26,,anwser,315.1,318.2,12,1003_a,
1003,1,normal,27,,question,320,325.8,8,1003_a,
1003,1,normal,27,,anwser,325.9,332,8,1003_a,
1003,1,normal,28,,question,334.6,340.6,2,1003_a,
1003,1,normal,28,,anwser,340.6,342,2,1003_a,
1003,1,normal,29,,question,344.2,350.1,33,1003_a,
1003,1,normal,29,,anwser,350.1,351.5,33,1003_a,
1003,1,normal,30,,question,355.6,361.4,36,1003_a,
1003,1,normal,30,,anwser,361.6,365,36,1003_a,
1003,1,normal,31,,question,366.8,372.7,39,1003_a,
1003,1,normal,31,,anwser,373.3,374.3,39,1003_a,
1003,1,normal,32,,question,376.9,382.8,32,1003_a,
1003,1,normal,32,,anwser,383.2,384.5,32,1003_a,
1003,1,normal,33,,question,386.6,392.2,30,1003_a,
1003,1,normal,33,,anwser,392.5,393.4,30,1003_a,
1003,1,normal,34,,question,394.9,400,22,1003_a,
1003,1,normal,34,,anwser,400.8,403.2,22,1003_a,
1003,1,normal,35,,question,404.5,410,24,1003_a,
1003,1,normal,35,,anwser,410.5,411.9,24,1003_a,
1003,1,normal,36,,question,414.2,420,28,1003_a,
1003,1,normal,36,,anwser,420.2,425.9,28,1003_a,
1003,1,normal,37,,question,427,432.9,9,1003_a,
1003,1,normal,37,,anwser,432.9,434,9,1003_a,
1003,1,normal,38,,question,435.3,441.2,40,1003_a,
1003,1,normal,38,,anwser,441.2,444,40,1003_a,
1003,1,normal,39,,question,446.2,451.9,27,1003_a,
1003,1,normal,39,,anwser,452,456,27,1003_a,
1003,1,normal,40,,question,458,464,21,1003_a,
1003,1,normal,40,,anwser,464,465,21,1003_a,
1003,2,normal,1,,question,603.8,608.7,42,1003_a,
1003,2,normal,1,,anwser,608.7,609.5,42,1003_a,
1003,2,normal,2,,question,611.9,617.6,63,1003_a,
1003,2,normal,2,,anwser,617.6,618,63,1003_a,
1003,2,normal,3,,question,620.6,626,50,1003_a,
1003,2,normal,3,,anwser,626.4,631,50,1003_a,
1003,2,normal,4,,question,632.8,638.4,76,1003_a,
1003,2,normal,4,,anwser,638.4,640,76,1003_a,
1003,2,normal,5,,question,642.8,648.5,78,1003_a,
1003,2,normal,5,,anwser,648.5,651,78,1003_a,
1003,2,normal,6,,question,653.4,659,45,1003_a,
1003,2,normal,6,,anwser,659,661.3,45,1003_a,
1003,2,normal,7,,question,664.1,669.8,52,1003_a,
1003,2,normal,7,,anwser,670,673.8,52,1003_a,
1003,2,normal,8,,question,676.1,681.4,80,1003_a,
1003,2,normal,8,,anwser,681.8,684,80,1003_a,
1003,2,normal,9,,question,686.3,692,58,1003_a,
1003,2,normal,9,,anwser,692,694,58,1003_a,
1003,2,normal,10,,question,696.8,702,74,1003_a,
1003,2,normal,10,,anwser,702.5,704,74,1003_a,
1003,2,normal,11,,question,707.3,713,44,1003_a,
1003,2,normal,11,,anwser,713,716.8,44,1003_a,
1003,2,normal,12,,question,718,723.8,73,1003_a,
1003,2,normal,12,,anwser,723.8,727.9,73,1003_a,
1003,2,normal,13,,question,729.9,735.7,75,1003_a,
1003,2,normal,13,,anwser,735.7,738,75,1003_a,
1003,2,normal,14,,question,742.6,748.4,61,1003_a,
1003,2,normal,14,,anwser,748.4,749.8,61,1003_a,
1003,2,normal,15,,question,752.4,758,51,1003_a,
1003,2,normal,15,,anwser,758,759,51,1003_a,
1003,2,normal,16,,question,761.6,767.6,53,1003_a,
1003,2,normal,16,,anwser,767.6,769,53,1003_a,
1003,2,normal,17,,question,771.5,777.8,68,1003_a,
1003,2,normal,17,,anwser,777.8,780,68,1003_a,
1003,2,normal,18,,question,782.7,788.5,60,1003_a,
1003,2,normal,18,,anwser,788.5,789.7,60,1003_a,
1003,2,normal,19,,question,792.1,797.7,59,1003_a,
1003,2,normal,19,,anwser,797.7,799,59,1003_a,
1003,2,normal,20,,question,802.1,808.1,69,1003_a,
1003,2,normal,20,,anwser,808.2,809.5,69,1003_a,
1003,2,normal,21,,question,811,816,64,1003_a,
1003,2,normal,21,,anwser,816.9,821,64,1003_a,
1003,2,normal,22,,question,822.3,828.2,41,1003_a,
1003,2,normal,22,,anwser,828.3,829.6,41,1003_a,
1003,2,normal,23,,question,831.4,837.1,62,1003_a,
1003,2,normal,23,,anwser,837.3,839,62,1003_a,
1003,2,normal,24,,question,840.9,846.5,46,1003_a,
1003,2,normal,24,,anwser,847.1,850,46,1003_a,
1003,2,normal,25,,question,851.7,857.5,71,1003_a,
1003,2,normal,25,,anwser,857.5,858,71,1003_a,
1003,2,normal,26,,question,861,866.9,79,1003_a,
1003,2,normal,26,,anwser,867.1,868.1,79,1003_a,
1003,2,normal,27,,question,870.3,876,43,1003_a,
1003,2,normal,27,,anwser,876,878.2,43,1003_a,
1003,2,normal,28,,question,880.2,886,49,1003_a,
1003,2,normal,28,,anwser,886,887.6,49,1003_a,
1003,2,normal,29,,question,889.8,895.8,57,1003_a,
1003,2,normal,29,,anwser,895.8,897,57,1003_a,
1003,2,normal,30,,question,898.5,904.2,56,1003_a,
1003,2,normal,30,,anwser,904.2,906,56,1003_a,
1003,2,normal,31,,question,908.1,913.6,77,1003_a,
1003,2,normal,31,,anwser,913.6,915,77,1003_a,
1003,2,normal,32,,question,916.9,922.9,54,1003_a,
1003,2,normal,32,,anwser,922.9,924.3,54,1003_a,
1003,2,normal,33,,question,927.1,932.9,66,1003_a,
1003,2,normal,33,,anwser,932.9,934,66,1003_a,
1003,2,normal,34,,question,936,942.5,48,1003_a,
1003,2,normal,34,,anwser,942.5,943.9,48,1003_a,
1003,2,normal,35,,question,946.5,952.4,70,1003_a,
1003,2,normal,35,,anwser,952.4,953.8,70,1003_a,
1003,2,normal,36,,question,955.5,961.2,55,1003_a,
1003,2,normal,36,,anwser,961.2,962.9,55,1003_a,
1003,2,normal,37,,question,964.5,970.4,67,1003_a,
1003,2,normal,37,,anwser,970.4,970,67,1003_a,
1003,2,normal,38,,question,973,978.8,65,1003_a,
1003,2,normal,38,,anwser,978.8,980,65,1003_a,
1003,2,normal,39,,question,982.1,988.1,47,1003_a,
1003,2,normal,39,,anwser,988.2,989,47,1003_a,
1003,2,normal,40,,question,991.5,997.3,72,1003_a,
1003,2,normal,40,,anwser,997.3,999,72,1003_a,
1004,1,wm,1,,question,41.4,46.8,29,1004_a,
1004,1,wm,1,,anwser,46.8,48.5,29,1004_a,
1004,1,wm,2,,question,62.3,67.7,24,1004_a,
1004,1,wm,2,,anwser,67.7,69,24,1004_a,
1004,1,wm,3,,question,87.6,93.3,33,1004_a,
1004,1,wm,3,,anwser,93.4,95,33,1004_a,
1004,1,wm,4,,question,111.8,117,18,1004_a,
1004,1,wm,4,,anwser,117,118.5,18,1004_a,
1004,1,wm,5,,question,136.1,141.6,40,1004_a,
1004,1,wm,5,,anwser,141.6,144.6,40,1004_a,
1004,1,wm,6,,question,160.9,166.2,26,1004_a,
1004,1,wm,6,,anwser,166.2,167.3,26,1004_a,
1004,1,wm,7,,question,185.6,190.9,25,1004_a,
1004,1,wm,7,,anwser,190.9,191.8,25,1004_a,
1004,1,wm,8,,question,204.4,208.8,7,1004_a,
1004,1,wm,8,,anwser,208.8,210.3,7,1004_a,
1004,1,wm,9,,question,224.3,229.8,36,1004_a,
1004,1,wm,9,,anwser,229.8,231.2,36,1004_a,
1004,1,wm,10,,question,243.2,248.9,17,1004_a,
1004,1,wm,10,,anwser,249.2,251,17,1004_a,
1004,1,wm,11,,question,266.4,271.6,10,1004_a,
1004,1,wm,11,,anwser,271.6,272,10,1004_a,
1004,1,wm,12,,question,286.4,291.9,28,1004_a,
1004,1,wm,12,,anwser,291.9,292,28,1004_a,
1004,1,wm,13,,question,311.9,317.3,8,1004_a,
1004,1,wm,13,,anwser,317.3,318.4,8,1004_a,
1004,1,wm,14,,question,332.8,337.9,30,1004_a,
1004,1,wm,14,,anwser,337.9,338,30,1004_a,
1004,1,wm,15,,question,351.6,356,13,1004_a,
1004,1,wm,15,,question,356,358.1,13,1004_a,
1004,1,wm,16,,anwser,371.2,376.6,1,1004_a,
1004,1,wm,16,,question,377.3,379.7,1,1004_a,
1004,1,wm,17,,anwser,392.4,397.8,9,1004_a,
1004,1,wm,17,,question,397.8,390,9,1004_a,
1004,1,wm,18,,anwser,408,416,27,1004_a,
1004,1,wm,18,,question,416,417,27,1004_a,
1004,1,wm,19,,anwser,429,436,4,1004_a,
1004,1,wm,19,,question,436,436,4,1004_a,
1004,1,wm,20,,anwser,451.1,456.4,38,1004_a,
1004,1,wm,20,,question,456.4,457,38,1004_a,
1004,1,wm,21,,anwser,468,475.5,22,1004_a,
1004,1,wm,21,,question,475.5,475,22,1004_a,
1004,1,wm,22,,anwser,488,494.6,6,1004_a,
1004,1,wm,22,,question,494.6,495.8,6,1004_a,
1004,1,wm,23,,anwser,511,516.5,5,1004_a,
1004,1,wm,23,,question,516.5,515,5,1004_a,
1004,1,wm,24,,anwser,529.4,534.8,32,1004_a,
1004,1,wm,24,,question,534.8,534,32,1004_a,
1004,1,wm,25,,anwser,549,554.4,11,1004_a,
1004,1,wm,25,,question,554.4,555,11,1004_a,
1004,1,wm,26,,anwser,571.6,577.3,31,1004_a,
1004,1,wm,26,,question,577.3,578.4,31,1004_a,
1004,1,wm,27,,anwser,589,595.2,20,1004_a,
1004,1,wm,27,,question,595.2,596.4,20,1004_a,
1004,1,wm,28,,anwser,608.9,614.4,2,1004_a,
1004,1,wm,28,,question,614.4,615,2,1004_a,
1004,1,wm,29,,anwser,627.6,632,37,1004_a,
1004,1,wm,29,,question,632,634.2,37,1004_a,
1004,1,wm,30,,anwser,645.9,651.2,23,1004_a,
1004,1,wm,30,,question,651.2,652,23,1004_a,
1004,1,wm,31,,anwser,664.2,669.6,12,1004_a,
1004,1,wm,31,,question,669.9,670.8,12,1004_a,
1004,1,wm,32,,anwser,683.5,689.1,21,1004_a,
1004,1,wm,32,,question,689.1,690,21,1004_a,
1004,1,wm,33,,anwser,703.2,708.7,16,1004_a,
1004,1,wm,33,,question,708.7,710,16,1004_a,
1004,1,wm,34,,anwser,721.9,727.4,39,1004_a,
1004,1,wm,34,,question,727.4,728.6,39,1004_a,
1004,1,wm,35,,anwser,740.8,746.4,14,1004_a,
1004,1,wm,35,,question,746.4,747.4,14,1004_a,
1004,1,wm,36,,anwser,760.2,765.7,19,1004_a,
1004,1,wm,36,,question,765.7,767.1,19,1004_a,
1004,1,wm,37,,anwser,778.6,784.3,15,1004_a,
1004,1,wm,37,,question,784.3,785.5,15,1004_a,
1004,1,wm,38,,anwser,797,803,3,1004_a,
1004,1,wm,38,,question,803,804.6,3,1004_a,
1004,1,wm,39,,anwser,816.8,822,34,1004_a,
1004,1,wm,39,,question,822,823.7,34,1004_a,
1004,1,wm,40,,anwser,845.9,851.3,35,1004_a,
1004,2,wm,40,,question,851.3,852.5,35,1004_a,
1004,2,wm,1,,anwser,54,59.3,71,1004_b,
1004,2,wm,1,,question,59.3,60.5,71,1004_b,
1004,2,wm,2,,anwser,72,77.5,67,1004_b,
1004,2,wm,2,,question,77.5,79,67,1004_b,
1004,2,wm,3,,anwser,90.3,95.5,45,1004_b,
1004,2,wm,3,,question,95.5,96.6,45,1004_b,
1004,2,wm,4,,anwser,111.1,116.5,43,1004_b,
1004,2,wm,4,,question,116.5,118.4,43,1004_b,
1004,2,wm,5,,anwser,130,135,73,1004_b,
1004,2,wm,5,,question,135.3,136.3,73,1004_b,
1004,2,wm,6,,anwser,147.5,153.1,49,1004_b,
1004,2,wm,6,,question,153.1,154,49,1004_b,
1004,2,wm,7,,anwser,167,172.4,60,1004_b,
1004,2,wm,7,,question,172.4,173.6,60,1004_b,
1004,2,wm,8,,anwser,186.6,192.1,65,1004_b,
1004,2,wm,8,,question,192.1,193,65,1004_b,
1004,2,wm,9,,anwser,207,212.7,74,1004_b,
1004,2,wm,9,,question,212.7,213.6,74,1004_b,
1004,2,wm,10,,anwser,229,234.7,66,1004_b,
1004,2,wm,10,,question,234.7,235,66,1004_b,
1004,2,wm,11,,anwser,249.7,255.4,62,1004_b,
1004,2,wm,11,,question,255.4,256,62,1004_b,
1004,2,wm,12,,anwser,269,274.3,77,1004_b,
1004,2,wm,12,,question,274.3,275,77,1004_b,
1004,2,wm,13,,anwser,286,291.6,68,1004_b,Eye tracker might have stopped here
1004,2,wm,13,,question,291.6,293,68,1004_b,
1004,2,wm,14,,anwser,306.4,311.7,56,1004_b,
1004,2,wm,14,,question,311.7,313,56,1004_b,
1004,2,wm,15,,anwser,324.2,329.8,72,1004_b,
1004,2,wm,15,,question,329.8,330.8,72,1004_b,
1004,2,wm,16,,anwser,343,348.5,50,1004_b,
1004,2,wm,16,,question,348.5,349.5,50,1004_b,
1004,2,wm,17,,anwser,361.4,366.5,59,1004_b,
1004,2,wm,17,,question,366.5,367.8,59,1004_b,
1004,2,wm,18,,anwser,380.7,386.2,54,1004_b,
1004,2,wm,18,,question,386.2,387,54,1004_b,
1004,2,wm,19,,anwser,402.9,407.4,51,1004_b,Eye tracker being wierd
1004,2,wm,19,,question,407.4,408.5,51,1004_b,
1004,2,wm,20,,anwser,419.6,425,46,1004_b,
1004,2,wm,20,,question,425,426.1,46,1004_b,
1004,2,wm,21,,anwser,438.6,444.4,41,1004_b,
1004,2,wm,21,,question,444.4,445,41,1004_b,
1004,2,wm,22,,anwser,457.5,462.8,51,1004_b,
1004,2,wm,22,,question,462.8,463.8,51,1004_b,
1004,2,wm,23,,anwser,475.9,481.4,76,1004_b,
1004,2,wm,23,,question,481.4,482.6,76,1004_b,
1004,2,wm,24,,anwser,493,499.3,63,1004_b,
1004,2,wm,24,,question,499.3,500.6,63,1004_b,
1004,2,wm,25,,anwser,512,518.1,44,1004_b,
1004,2,wm,25,,question,518.1,520,44,1004_b,
1004,2,wm,26,,anwser,532,537.6,70,1004_b,
1004,2,wm,26,,question,537.6,538.8,70,1004_b,
1004,2,wm,27,,anwser,551.4,557,42,1004_b,
1004,2,wm,27,,question,557,558,42,1004_b,
1004,2,wm,28,,anwser,569.7,575.1,52,1004_b,
1004,2,wm,28,,question,575.1,576.5,52,1004_b,
1004,2,wm,29,,anwser,588.5,594,78,1004_b,
1004,2,wm,29,,question,594,595.1,78,1004_b,
1004,2,wm,30,,anwser,606.2,611.8,47,1004_b,
1004,2,wm,30,,question,611.8,612.7,47,1004_b,
1004,2,wm,31,,anwser,627.2,632.3,57,1004_b,
1004,2,wm,31,,question,632.3,633.5,57,1004_b,
1004,2,wm,32,,anwser,645.7,651.2,79,1004_b,
1004,2,wm,32,,question,651.2,652,79,1004_b,
1004,2,wm,33,,anwser,663.8,669.4,80,1004_b,
1004,2,wm,33,,question,669.4,670.1,80,1004_b,
1004,2,wm,34,,anwser,683.5,688.8,58,1004_b,
1004,2,wm,34,,question,688.8,690.5,58,1004_b,
1004,2,wm,35,,anwser,702.2,707.6,75,1004_b,
1004,2,wm,35,,question,707.6,708.8,75,1004_b,
1004,2,wm,36,,anwser,720.7,726.2,55,1004_b,
1004,2,wm,36,,question,726.2,727.3,55,1004_b,
1004,2,wm,37,,anwser,739.2,744.9,48,1004_b,
1004,2,wm,37,,question,744.9,746.1,48,1004_b,
1004,2,wm,38,,anwser,759.3,764.7,69,1004_b,
1004,2,wm,38,,question,764.7,765.5,69,1004_b,
1004,2,wm,39,,anwser,776.6,781.9,64,1004_b,
1004,2,wm,39,,question,781.9,783,64,1004_b,
1004,2,wm,40,,anwser,794.5,799.9,53,1004_b,
1004,2,wm,40,,question,799.9,800.6,53,1004_b,
1005,1,wm,1,,question,53,58.3,9,1005_a,
1005,1,wm,1,,anwser,58.3,59.6,9,1005_a,
1005,1,wm,2,,question,75,80.6,17,1005_a,
1005,1,wm,2,,anwser,80.6,81.8,17,1005_a,
1005,1,wm,3,,question,95.5,101.1,35,1005_a,
1005,1,wm,3,,anwser,101.1,102.5,35,1005_a,
1005,1,wm,4,,question,116.2,121.5,30,1005_a,
1005,1,wm,4,,anwser,121.5,122.7,30,1005_a,
1005,1,wm,5,,question,143.8,149.3,40,1005_a,
1005,1,wm,5,,anwser,149.3,150.2,40,1005_a,
1005,1,wm,6,,question,168.3,173.6,14,1005_a,
1005,1,wm,6,,anwser,173.6,174.4,14,1005_a,
1005,1,wm,7,,question,189.1,194.5,16,1005_a,
1005,1,wm,7,,anwser,194.5,195.2,16,1005_a,
1005,1,wm,8,,question,208,214,13,1005_a,
1005,1,wm,8,,anwser,214,215,13,1005_a,
1005,1,wm,9,,question,234.9,240.1,3,1005_a,
1005,1,wm,9,,anwser,240.1,241.3,3,1005_a,
1005,1,wm,10,,question,257.6,263.2,6,1005_a,
1005,1,wm,10,,anwser,263.2,264.1,6,1005_a,
1005,1,wm,11,,question,276,281.5,23,1005_a,
1005,1,wm,11,,anwser,281.5,282.5,23,1005_a,
1005,1,wm,12,,question,297,302.2,15,1005_a,
1005,1,wm,12,,anwser,302.2,303.1,15,1005_a,
1005,1,wm,13,,question,317,322.9,32,1005_a,
1005,1,wm,13,,anwser,322.9,323.8,32,1005_a,
1005,1,wm,14,,question,336,341.5,20,1005_a,
1005,1,wm,14,,anwser,341.5,342.7,20,1005_a,
1005,1,wm,15,,question,357.6,362.8,21,1005_a,
1005,1,wm,15,,question,362.8,363.6,21,1005_a,
1005,1,wm,16,,anwser,379,384.7,33,1005_a,
1005,1,wm,16,,question,384.7,385,33,1005_a,
1005,1,wm,17,,anwser,400.8,406.3,5,1005_a,
1005,1,wm,17,,question,406.3,407.6,5,1005_a,
1005,1,wm,18,,anwser,422,427.4,26,1005_a,
1005,1,wm,18,,question,427.4,428.2,26,1005_a,
1005,1,wm,19,,anwser,440,446.5,39,1005_a,
1005,1,wm,19,,question,446.5,447.4,39,1005_a,
1005,1,wm,20,,anwser,460.8,466,4,1005_a,
1005,1,wm,20,,question,466,466.6,4,1005_a,
1005,1,wm,21,,anwser,479.9,485.4,22,1005_a,
1005,1,wm,21,,question,485.4,486.4,22,1005_a,
1005,1,wm,22,,anwser,498.6,504.1,37,1005_a,
1005,1,wm,22,,question,504.1,505.2,37,1005_a,
1005,1,wm,23,,anwser,516,521.5,18,1005_a,
1005,1,wm,23,,question,521.5,522.2,18,1005_a,
1005,1,wm,24,,anwser,535.9,541.1,12,1005_a,
1005,1,wm,24,,question,541.1,541.8,12,1005_a,
1005,1,wm,25,,anwser,555.5,561.1,25,1005_a,
1005,1,wm,25,,question,561.1,561.8,25,1005_a,
1005,1,wm,26,,anwser,576,581.2,11,1005_a,
1005,1,wm,26,,question,581.2,582,11,1005_a,
1005,1,wm,27,,anwser,595.5,601.2,27,1005_a,
1005,1,wm,27,,question,601.2,602.1,27,1005_a,
1005,1,wm,28,,anwser,616.6,621.9,19,1005_a,
1005,1,wm,28,,question,621.9,622.6,19,1005_a,
1005,1,wm,29,,anwser,637.1,642.4,38,1005_a,
1005,1,wm,29,,question,642.4,643.2,38,1005_a,
1005,1,wm,30,,anwser,655.7,661.1,7,1005_a,
1005,1,wm,30,,question,661.1,661.9,7,1005_a,
1005,1,wm,31,,anwser,673.9,679.1,8,1005_a,
1005,1,wm,31,,question,679.1,680.1,8,1005_a,
1005,1,wm,32,,anwser,697.1,702.3,31,1005_a,
1005,1,wm,32,,question,702.3,703.3,31,1005_a,
1005,1,wm,33,,anwser,716.8,721.9,1,1005_a,
1005,1,wm,33,,question,723.8,723.8,1,1005_a,
1005,1,wm,34,,anwser,738.5,744.3,24,1005_a,
1005,1,wm,34,,question,744.3,745.1,24,1005_a,
1005,1,wm,35,,anwser,762.1,767.5,28,1005_a,
1005,1,wm,35,,question,767.5,768.3,28,1005_a,
1005,1,wm,36,,anwser,780.8,786.1,34,1005_a,
1005,1,wm,36,,question,786.1,787,34,1005_a,
1005,1,wm,37,,anwser,803,808,10,1005_a,
1005,1,wm,37,,question,808,810,10,1005_a,
1005,1,wm,38,,anwser,823,828.3,29,1005_a,
1005,1,wm,38,,question,828.3,828.9,29,1005_a,
1005,1,wm,39,,anwser,848.7,853.9,36,1005_a,
1005,1,wm,39,,question,853.9,855.1,36,1005_a,
1005,1,wm,40,,anwser,872.2,877.5,2,1005_a,
1005,2,wm,40,,question,877.5,878.4,2,1005_a,
1005,2,wm,1,,anwser,72.5,78,64,1005_b,
1005,2,wm,1,,question,78,78.7,64,1005_b,
1005,2,wm,2,,anwser,93.7,99,51,1005_b,
1005,2,wm,2,,question,99,100,51,1005_b,
1005,2,wm,3,,anwser,116.4,122,69,1005_b,
1005,2,wm,3,,question,122,122.5,69,1005_b,
1005,2,wm,4,,anwser,137.2,142.5,73,1005_b,
1005,2,wm,4,,question,142.5,143.4,73,1005_b,
1005,2,wm,5,,anwser,157.8,163.3,47,1005_b,
1005,2,wm,5,,question,163.3,164.4,47,1005_b,
1005,2,wm,6,,anwser,177.6,183,60,1005_b,
1005,2,wm,6,,question,183,183.6,60,1005_b,
1005,2,wm,7,,anwser,198.3,204.3,66,1005_b,
1005,2,wm,7,,question,204.3,204.6,66,1005_b,
1005,2,wm,8,,anwser,220.3,226.1,76,1005_b,
1005,2,wm,8,,question,226.1,226.9,76,1005_b,
1005,2,wm,9,,anwser,258.7,264,45,1005_b,
1005,2,wm,9,,question,264,265,45,1005_b,
1005,2,wm,10,,anwser,282.3,287.8,78,1005_b,
1005,2,wm,10,,question,287.8,288.4,78,1005_b,
1005,2,wm,11,,anwser,307.4,312.8,53,1005_b,
1005,2,wm,11,,question,312.8,313.5,53,1005_b,
1005,2,wm,12,,anwser,329.7,335.1,49,1005_b,
1005,2,wm,12,,question,335.1,335.9,49,1005_b,
1005,2,wm,13,,anwser,355.8,361.3,63,1005_b,
1005,2,wm,13,,question,361.3,362.4,63,1005_b,
1005,2,wm,14,,anwser,380.2,385,43,1005_b,
1005,2,wm,14,,question,385,386.1,43,1005_b,
1005,2,wm,15,,anwser,404.3,409.8,54,1005_b,
1005,2,wm,15,,question,409.8,410.4,54,1005_b,
1005,2,wm,16,,anwser,432.9,438.1,48,1005_b,
1005,2,wm,16,,question,438.1,439,48,1005_b,
1005,2,wm,17,,anwser,462,467.1,79,1005_b,
1005,2,wm,17,,question,467.1,468,79,1005_b,
1005,2,wm,18,,anwser,485,490.5,61,1005_b,
1005,2,wm,18,,question,490.5,491.4,61,1005_b,
1005,2,wm,19,,anwser,509.5,515.2,56,1005_b,
1005,2,wm,19,,question,515.2,515.9,56,1005_b,
1005,2,wm,20,,anwser,536,541.6,80,1005_b,
1005,2,wm,20,,question,541.6,542.7,80,1005_b,
1005,2,wm,21,,anwser,563.7,568.8,59,1005_b,
1005,2,wm,21,,question,568.8,569.5,59,1005_b,
1005,2,wm,22,,anwser,589.5,594.8,58,1005_b,
1005,2,wm,22,,question,594.8,595.8,58,1005_b,
1005,2,wm,23,,anwser,613,618.8,68,1005_b,
1005,2,wm,23,,question,618.8,619.7,68,1005_b,
1005,2,wm,24,,anwser,636.8,642.2,72,1005_b,
1005,2,wm,24,,question,642.2,643.3,72,1005_b,
1005,2,wm,25,,anwser,659.2,665.2,41,1005_b,
1005,2,wm,25,,question,665.2,665.8,41,1005_b,
1005,2,wm,26,,anwser,682.4,687.5,44,1005_b,
1005,2,wm,26,,question,687.5,688.5,44,1005_b,
1005,2,wm,27,,anwser,708.9,714.2,52,1005_b,
1005,2,wm,27,,question,714.2,714.8,52,1005_b,
1005,2,wm,28,,anwser,727.8,733.1,67,1005_b,
1005,2,wm,28,,question,733.1,733.9,67,1005_b,
1005,2,wm,29,,anwser,749.8,755.3,75,1005_b,
1005,2,wm,29,,question,755.3,755.9,75,1005_b,
1005,2,wm,30,,anwser,777.4,783.3,71,1005_b,
1005,2,wm,30,,question,783.3,784.1,71,1005_b,
1005,2,wm,31,,anwser,803.1,808.4,77,1005_b,
1005,2,wm,31,,question,808.4,809.1,77,1005_b,
1005,2,wm,32,,anwser,826.1,831.6,70,1005_b,
1005,2,wm,32,,question,831.6,832.5,70,1005_b,
1005,2,wm,33,,anwser,849.5,854.9,65,1005_b,
1005,2,wm,33,,question,854.9,855.8,65,1005_b,
1005,2,wm,34,,anwser,887.6,892.9,46,1005_b,
1005,2,wm,34,,question,892.9,893.8,46,1005_b,
1005,2,wm,35,,anwser,909.7,915.1,55,1005_b,
1005,2,wm,35,,question,915.1,915.8,55,1005_b,
1005,2,wm,36,,anwser,936.9,942.3,50,1005_b,
1005,2,wm,36,,question,942.3,943.4,50,1005_b,
1005,2,wm,37,,anwser,962.8,968.2,42,1005_b,
1005,2,wm,37,,question,968.2,969,42,1005_b,
1005,2,wm,38,,anwser,987.5,992.8,74,1005_b,
1005,2,wm,38,,question,992.8,993.6,74,1005_b,
1005,2,wm,39,,anwser,1012.6,1018,62,1005_b,
1005,2,wm,39,,question,1025.6,1028.4,62,1005_b,
1005,2,wm,40,,anwser,1052.3,1058.2,57,1005_b,
1005,2,wm,40,,question,1058.2,1058.9,57,1005_b,
1006,1,normal,1,,question,38,43.9,14,1006_a,
1006,1,normal,1,,anwser,43.9,44.7,14,1006_a,
1006,1,normal,2,,question,46,51.8,7,1006_a,
1006,1,normal,2,,anwser,51.8,52.7,7,1006_a,
1006,1,normal,3,,question,55,60.3,30,1006_a,
1006,1,normal,3,,anwser,60.3,61,30,1006_a,
1006,1,normal,4,,question,62.6,67.8,38,1006_a,
1006,1,normal,4,,anwser,67.8,68.5,38,1006_a,
1006,1,normal,5,,question,70,75.6,19,1006_a,
1006,1,normal,5,,anwser,75.6,76.6,19,1006_a,
1006,1,normal,6,,question,78,84,5,1006_a,
1006,1,normal,6,,anwser,84,85,5,1006_a,
1006,1,normal,7,,question,86,92.2,25,1006_a,
1006,1,normal,7,,anwser,92.2,93,25,1006_a,
1006,1,normal,8,,question,95,100.5,22,1006_a,
1006,1,normal,8,,anwser,100.5,102,22,1006_a,
1006,1,normal,9,,question,103,109,29,1006_a,
1006,1,normal,9,,anwser,109,109.7,29,1006_a,
1006,1,normal,10,,question,111,116.8,26,1006_a,
1006,1,normal,10,,anwser,116.8,117.7,26,1006_a,
1006,1,normal,11,,question,119.5,125,17,1006_a,
1006,1,normal,11,,anwser,125,126.1,17,1006_a,
1006,1,normal,12,,question,127.8,133.5,36,1006_a,
1006,1,normal,12,,anwser,133.5,134.1,36,1006_a,
1006,1,normal,13,,question,135.3,141,8,1006_a,
1006,1,normal,13,,anwser,141,142.2,8,1006_a,
1006,1,normal,14,,question,143.5,149.1,12,1006_a,
1006,1,normal,14,,anwser,149.1,150.4,12,1006_a,
1006,1,normal,15,,question,152.3,157.8,35,1006_a,
1006,1,normal,15,,question,157.8,158.5,35,1006_a,
1006,1,normal,16,,anwser,160.5,166.3,21,1006_a,
1006,1,normal,16,,question,166.3,166.9,21,1006_a,
1006,1,normal,17,,anwser,168.4,174,37,1006_a,
1006,1,normal,17,,question,174,175.4,37,1006_a,
1006,1,normal,18,,anwser,177.2,182.8,18,1006_a,
1006,1,normal,18,,question,182.8,183.8,18,1006_a,
1006,1,normal,19,,anwser,185.3,190.6,3,1006_a,
1006,1,normal,19,,question,190.6,192.3,3,1006_a,
1006,1,normal,20,,anwser,193.8,199.3,27,1006_a,
1006,1,normal,20,,question,199.3,200.5,27,1006_a,
1006,1,normal,21,,anwser,203.2,208.2,33,1006_a,
1006,1,normal,21,,question,208.2,208.8,33,1006_a,
1006,1,normal,22,,anwser,211,216.4,16,1006_a,
1006,1,normal,22,,question,216.4,217.5,16,1006_a,
1006,1,normal,23,,anwser,220.2,225.6,11,1006_a,
1006,1,normal,23,,question,225.6,226.6,11,1006_a,
1006,1,normal,24,,anwser,228.3,233.6,32,1006_a,
1006,1,normal,24,,question,233.6,234.7,32,1006_a,
1006,1,normal,25,,anwser,236.4,242,20,1006_a,
1006,1,normal,25,,question,242,242.8,20,1006_a,
1006,1,normal,26,,anwser,244.9,249.9,6,1006_a,
1006,1,normal,26,,question,249.9,250.8,6,1006_a,
1006,1,normal,27,,anwser,252.8,258.1,40,1006_a,
1006,1,normal,27,,question,258.1,259.2,40,1006_a,
1006,1,normal,28,,anwser,260.5,266.1,31,1006_a,
1006,1,normal,28,,question,266.1,266.9,31,1006_a,
1006,1,normal,29,,anwser,268.3,273.8,15,1006_a,
1006,1,normal,29,,question,273.8,274.6,15,1006_a,
1006,1,normal,30,,anwser,276.1,281.3,23,1006_a,
1006,1,normal,30,,question,281.3,282.2,23,1006_a,
1006,1,normal,31,,anwser,282.9,289.4,1,1006_a,
1006,1,normal,31,,question,289.4,290.5,1,1006_a,
1006,1,normal,32,,anwser,292.2,297.6,4,1006_a,
1006,1,normal,32,,question,297.6,298.4,4,1006_a,
1006,1,normal,33,,anwser,300.5,306.1,24,1006_a,
1006,1,normal,33,,question,306.1,307.1,24,1006_a,
1006,1,normal,34,,anwser,309.2,314.7,28,1006_a,
1006,1,normal,34,,question,314.7,315.9,28,1006_a,
1006,1,normal,35,,anwser,317.4,323,10,1006_a,
1006,1,normal,35,,question,323,324.4,10,1006_a,
1006,1,normal,36,,anwser,326,331.8,34,1006_a,
1006,1,normal,36,,question,331.8,332.9,34,1006_a,
1006,1,normal,37,,anwser,334.4,340,13,1006_a,
1006,1,normal,37,,question,340,341,13,1006_a,
1006,1,normal,38,,anwser,341.9,347.6,2,1006_a,
1006,1,normal,38,,question,347.6,349,2,1006_a,
1006,1,normal,39,,anwser,350.6,356.1,9,1006_a,
1006,1,normal,39,,question,356.1,356.9,9,1006_a,
1006,1,normal,40,,anwser,358.4,364.2,39,1006_a,
1006,2,normal,40,,question,364.2,365.3,39,1006_a,
1006,2,normal,1,,anwser,51.3,57.1,77,1006_b,
1006,2,normal,1,,question,57.1,58.5,77,1006_b,
1006,2,normal,2,,anwser,60.2,65.7,70,1006_b,
1006,2,normal,2,,question,65.7,67.3,70,1006_b,
1006,2,normal,3,,anwser,68.6,74.2,58,1006_b,
1006,2,normal,3,,question,74.2,75.6,58,1006_b,
1006,2,normal,4,,anwser,76.8,82.4,54,1006_b,
1006,2,normal,4,,question,82.4,83.5,54,1006_b,
1006,2,normal,5,,anwser,85.7,90.9,50,1006_b,
1006,2,normal,5,,question,90.9,92,50,1006_b,
1006,2,normal,6,,anwser,93.4,98.7,67,1006_b,
1006,2,normal,6,,question,98.7,99.5,67,1006_b,
1006,2,normal,7,,anwser,100.6,106.2,45,1006_b,
1006,2,normal,7,,question,106.2,107.3,45,1006_b,
1006,2,normal,8,,anwser,109,114.4,72,1006_b,
1006,2,normal,8,,question,114.4,115.7,72,1006_b,
1006,2,normal,9,,anwser,116.8,122.6,63,1006_b,
1006,2,normal,9,,question,122.6,123.7,63,1006_b,
1006,2,normal,10,,anwser,125.1,130.8,73,1006_b,
1006,2,normal,10,,question,130.8,131.6,73,1006_b,
1006,2,normal,11,,anwser,133,138.6,56,1006_b,
1006,2,normal,11,,question,138.6,139.3,56,1006_b,
1006,2,normal,12,,anwser,141.5,147.2,49,1006_b,
1006,2,normal,12,,question,147.2,147.9,49,1006_b,
1006,2,normal,13,,anwser,149.8,155.3,61,1006_b,
1006,2,normal,13,,question,155.3,156,61,1006_b,
1006,2,normal,14,,anwser,157.4,163,71,1006_b,
1006,2,normal,14,,question,163,163.8,71,1006_b,
1006,2,normal,15,,anwser,165.2,171,79,1006_b,
1006,2,normal,15,,question,171,172,79,1006_b,
1006,2,normal,16,,anwser,173.5,179.3,46,1006_b,
1006,2,normal,16,,question,179.3,180.3,46,1006_b,
1006,2,normal,17,,anwser,181.5,187.2,41,1006_b,
1006,2,normal,17,,question,187.2,187.9,41,1006_b,
1006,2,normal,18,,anwser,189.9,195.7,43,1006_b,
1006,2,normal,18,,question,195.7,197.2,43,1006_b,
1006,2,normal,19,,anwser,199.2,204.6,65,1006_b,
1006,2,normal,19,,question,204.6,206.5,65,1006_b,
1006,2,normal,20,,anwser,208.2,213.9,53,1006_b,
1006,2,normal,20,,question,213.9,214.7,53,1006_b,
1006,2,normal,21,,anwser,216.5,222.4,80,1006_b,
1006,2,normal,21,,question,222.4,223.4,80,1006_b,
1006,2,normal,22,,anwser,224.8,230.2,75,1006_b,
1006,2,normal,22,,question,230.2,231,75,1006_b,
1006,2,normal,23,,anwser,233.2,238.9,78,1006_b,
1006,2,normal,23,,question,238.9,240.4,78,1006_b,
1006,2,normal,24,,anwser,241.5,248,44,1006_b,
1006,2,normal,24,,question,248,249,44,1006_b,
1006,2,normal,25,,anwser,250.3,256.1,62,1006_b,
1006,2,normal,25,,question,256.1,256.9,62,1006_b,
1006,2,normal,26,,anwser,258.3,264.1,51,1006_b,
1006,2,normal,26,,question,264.1,265.3,51,1006_b,
1006,2,normal,27,,anwser,266,271.7,59,1006_b,
1006,2,normal,27,,question,271.7,272.5,59,1006_b,
1006,2,normal,28,,anwser,274.2,279.7,76,1006_b,
1006,2,normal,28,,question,279.7,280.5,76,1006_b,
1006,2,normal,29,,anwser,281.9,287.8,74,1006_b,
1006,2,normal,29,,question,287.8,288.7,74,1006_b,
1006,2,normal,30,,anwser,291.1,297,64,1006_b,
1006,2,normal,30,,question,297,297.9,64,1006_b,
1006,2,normal,31,,anwser,299.5,305.1,57,1006_b,
1006,2,normal,31,,question,305.1,306.1,57,1006_b,
1006,2,normal,32,,anwser,308.2,314.1,68,1006_b,
1006,2,normal,32,,question,314.1,314.8,68,1006_b,
1006,2,normal,33,,anwser,316.4,322,69,1006_b,
1006,2,normal,33,,question,322,323,69,1006_b,
1006,2,normal,34,,anwser,324.7,330,52,1006_b,
1006,2,normal,34,,question,330,330.9,52,1006_b,
1006,2,normal,35,,anwser,333.4,339,42,1006_b,
1006,2,normal,35,,question,339,339.8,42,1006_b,
1006,2,normal,36,,anwser,341.2,347.3,66,1006_b,
1006,2,normal,36,,question,347.3,347.8,66,1006_b,
1006,2,normal,37,,anwser,348.9,354.4,60,1006_b,
1006,2,normal,37,,question,354.4,355.5,60,1006_b,
1006,2,normal,38,,anwser,357.7,363.3,55,1006_b,
1006,2,normal,38,,question,363.3,364.2,55,1006_b,
1006,2,normal,39,,anwser,366,371.5,48,1006_b,
1006,2,normal,39,,question,371.5,373.5,48,1006_b,
1006,2,normal,40,,anwser,374.4,380,47,1006_b,
1006,2,normal,40,,question,380,381.8,47,1006_b,
1007,1,wm,1,,question,42.3,47.6,23,1007_a,
1007,1,wm,1,,anwser,47.6,49.1,23,1007_a,
1007,1,wm,2,,question,61.1,66.7,34,1007_a,
1007,1,wm,2,,anwser,66.7,67.6,34,1007_a,
1007,1,wm,3,,question,97,102.5,19,1007_a,
1007,1,wm,3,,anwser,102.5,103.5,19,1007_a,
1007,1,wm,4,,question,118.9,124.3,38,1007_a,
1007,1,wm,4,,anwser,124.3,125.3,38,1007_a,
1007,1,wm,5,,question,144.7,150.1,3,1007_a,
1007,1,wm,5,,anwser,150.1,151,3,1007_a,
1007,1,wm,6,,question,165.9,171.2,27,1007_a,
1007,1,wm,6,,anwser,171.2,172.3,27,1007_a,
1007,1,wm,7,,question,196.4,201.6,35,1007_a,
1007,1,wm,7,,anwser,201.6,204.5,35,1007_a,
1007,1,wm,8,,question,225.1,230.6,37,1007_a,
1007,1,wm,8,,anwser,230.6,231.4,37,1007_a,
1007,1,wm,9,,question,242.9,248.4,31,1007_a,
1007,1,wm,9,,anwser,248.4,249,31,1007_a,
1007,1,wm,10,,question,263.1,268.6,9,1007_a,
1007,1,wm,10,,anwser,268.6,269.3,9,1007_a,
1007,1,wm,11,,question,291.9,297.2,1,1007_a,
1007,1,wm,11,,anwser,297.2,298,1,1007_a,
1007,1,wm,12,,question,316,321.5,14,1007_a,
1007,1,wm,12,,anwser,321.5,322.6,14,1007_a,
1007,1,wm,13,,question,340.5,346,10,1007_a,
1007,1,wm,13,,anwser,346,346.8,10,1007_a,
1007,1,wm,14,,question,371.3,376.7,20,1007_a,
1007,1,wm,14,,anwser,376.7,377.6,20,1007_a,
1007,1,wm,15,,question,389.2,394.8,25,1007_a,
1007,1,wm,15,,question,394.8,395.7,25,1007_a,
1007,1,wm,16,,anwser,409.4,414.8,18,1007_a,
1007,1,wm,16,,question,414.8,415.9,18,1007_a,
1007,1,wm,17,,anwser,440.8,446.3,22,1007_a,
1007,1,wm,17,,question,446.3,447.1,22,1007_a,
1007,1,wm,18,,anwser,482.1,487.7,4,1007_a,
1007,1,wm,18,,question,487.7,488.4,4,1007_a,
1007,1,wm,19,,anwser,508.3,513.7,8,1007_a,
1007,1,wm,19,,question,513.7,514.6,8,1007_a,
1007,1,wm,20,,anwser,529.1,534.9,21,1007_a,
1007,1,wm,20,,question,534.9,535.7,21,1007_a,
1007,1,wm,21,,anwser,556.5,561.9,12,1007_a,
1007,1,wm,21,,question,561.9,562.9,12,1007_a,
1007,1,wm,22,,anwser,578.3,583.6,5,1007_a,
1007,1,wm,22,,question,583.6,584.4,5,1007_a,
1007,1,wm,23,,anwser,611.2,616.5,15,1007_a,
1007,1,wm,23,,question,616.5,617.1,15,1007_a,
1007,1,wm,24,,anwser,631.6,636.9,32,1007_a,
1007,1,wm,24,,question,636.9,638.4,32,1007_a,
1007,1,wm,25,,anwser,652.4,657.9,28,1007_a,
1007,1,wm,25,,question,657.9,658.6,28,1007_a,
1007,1,wm,26,,anwser,686.1,691.2,2,1007_a,
1007,1,wm,26,,question,691.2,691.8,2,1007_a,
1007,1,wm,27,,anwser,705.3,710.7,24,1007_a,
1007,1,wm,27,,question,710.7,711.7,24,1007_a,
1007,1,wm,28,,anwser,728.4,734.3,6,1007_a,
1007,1,wm,28,,question,734.3,735.1,6,1007_a,
1007,1,wm,29,,anwser,747,752.6,39,1007_a,
1007,1,wm,29,,question,752.6,753.5,39,1007_a,
1007,1,wm,30,,anwser,766.5,772.6,7,1007_a,
1007,1,wm,30,,question,772.6,773.6,7,1007_a,
1007,1,wm,31,,anwser,788.5,793.5,26,1007_a,
1007,1,wm,31,,question,793.5,794.6,26,1007_a,
1007,1,wm,32,,anwser,810.6,816,17,1007_a,
1007,1,wm,32,,question,816,817,17,1007_a,
1007,1,wm,33,,anwser,839.5,845,40,1007_a,
1007,1,wm,33,,question,845,846.4,40,1007_a,
1007,1,wm,34,,anwser,858.7,863.8,30,1007_a,
1007,1,wm,34,,question,863.8,864.6,30,1007_a,
1007,1,wm,35,,anwser,876.2,881.6,29,1007_a,
1007,1,wm,35,,question,881.6,882.4,29,1007_a,
1007,1,wm,36,,anwser,927.1,932.5,13,1007_a,
1007,1,wm,36,,question,932.5,933.2,13,1007_a,
1007,1,wm,37,,anwser,953.5,959.3,11,1007_a,
1007,1,wm,37,,question,959.3,959.9,11,1007_a,
1007,1,wm,38,,anwser,972.5,977.9,36,1007_a,
1007,1,wm,38,,question,977.9,979.2,36,1007_a,
1007,1,wm,39,,anwser,997.3,1002.6,16,1007_a,
1007,1,wm,39,,question,1002.6,1004.2,16,1007_a,
1007,1,wm,40,,anwser,1026.7,1032.3,33,1007_a,
1007,2,wm,40,,question,1032.3,1033.5,33,1007_a,
1007,2,wm,1,,anwser,NA,NA,44,1007_b,this trial is bad a pop-up came up in the middle of the trial 
1007,2,wm,1,,question,NA,NA,44,1007_b,
1007,2,wm,2,,anwser,104,109.4,54,1007_b,
1007,2,wm,2,,question,109.4,110.1,54,1007_b,
1007,2,wm,3,,anwser,124,129.4,78,1007_b,
1007,2,wm,3,,question,129.4,130.1,78,1007_b,
1007,2,wm,4,,anwser,144.7,150.2,65,1007_b,
1007,2,wm,4,,question,150.2,151.1,65,1007_b,
1007,2,wm,5,,anwser,164.2,169.8,79,1007_b,
1007,2,wm,5,,question,169.8,170.4,79,1007_b,
1007,2,wm,6,,anwser,185.9,191.3,47,1007_b,
1007,2,wm,6,,question,191.3,192,47,1007_b,
1007,2,wm,7,,anwser,207.3,212.9,68,1007_b,
1007,2,wm,7,,question,212.9,213.7,68,1007_b,
1007,2,wm,8,,anwser,227.4,233,77,1007_b,
1007,2,wm,8,,question,233,234,77,1007_b,
1007,2,wm,9,,anwser,246,251.9,72,1007_b,
1007,2,wm,9,,question,251.9,252.7,72,1007_b,
1007,2,wm,10,,anwser,270.8,276.4,50,1007_b,
1007,2,wm,10,,question,276.4,277.2,50,1007_b,
1007,2,wm,11,,anwser,290.1,295.7,46,1007_b,
1007,2,wm,11,,question,295.7,296.5,46,1007_b,
1007,2,wm,12,,anwser,311.1,316.5,70,1007_b,
1007,2,wm,12,,question,316.5,317.4,70,1007_b,
1007,2,wm,13,,anwser,331,336.3,59,1007_b,
1007,2,wm,13,,question,336.3,337.4,59,1007_b,
1007,2,wm,14,,anwser,353.2,358.6,71,1007_b,
1007,2,wm,14,,question,358.6,359.8,71,1007_b,
1007,2,wm,15,,anwser,378,383.4,56,1007_b,
1007,2,wm,15,,question,383.4,384.4,56,1007_b,
1007,2,wm,16,,anwser,401.3,406.8,49,1007_b,
1007,2,wm,16,,question,406.8,407.7,49,1007_b,
1007,2,wm,17,,anwser,424,429.7,60,1007_b,
1007,2,wm,17,,question,429.7,430.8,60,1007_b,
1007,2,wm,18,,anwser,447.2,452.8,57,1007_b,
1007,2,wm,18,,question,452.8,453.6,57,1007_b,
1007,2,wm,19,,anwser,467.7,472.8,55,1007_b,
1007,2,wm,19,,question,472.8,473.6,55,1007_b,
1007,2,wm,20,,anwser,484.5,491.2,41,1007_b,
1007,2,wm,20,,question,491.2,492,41,1007_b,
1007,2,wm,21,,anwser,502.9,508.2,58,1007_b,
1007,2,wm,21,,question,508.2,509,58,1007_b,
1007,2,wm,22,,anwser,523.7,529.3,63,1007_b,
1007,2,wm,22,,question,529.3,530.3,63,1007_b,
1007,2,wm,23,,anwser,543.6,549.1,69,1007_b,
1007,2,wm,23,,question,549.1,550.1,69,1007_b,
1007,2,wm,24,,anwser,568,573.8,48,1007_b,
1007,2,wm,24,,question,573.8,574.7,48,1007_b,
1007,2,wm,25,,anwser,657.3,662.9,73,1007_b,
1007,2,wm,25,,question,662.9,663.8,73,1007_b,
1007,2,wm,26,,anwser,683.4,688.9,75,1007_b,
1007,2,wm,26,,question,688.9,690,75,1007_b,
1007,2,wm,27,,anwser,705.6,711.1,42,1007_b,
1007,2,wm,27,,question,711.1,711.8,42,1007_b,
1007,2,wm,28,,anwser,734.1,739.6,76,1007_b,
1007,2,wm,28,,question,739.6,740.5,76,1007_b,
1007,2,wm,29,,anwser,754.3,759.9,62,1007_b,
1007,2,wm,29,,question,759.9,760,62,1007_b,
1007,2,wm,30,,anwser,772.2,777.7,52,1007_b,
1007,2,wm,30,,question,777.7,778.2,52,1007_b,
1007,2,wm,31,,anwser,789.6,795.1,51,1007_b,
1007,2,wm,31,,question,795.1,795.9,51,1007_b,
1007,2,wm,32,,anwser,818.3,823.8,61,1007_b,
1007,2,wm,32,,question,823.8,824.4,61,1007_b,
1007,2,wm,33,,anwser,842.1,847.6,45,1007_b,
1007,2,wm,33,,question,847.6,848.5,45,1007_b,
1007,2,wm,34,,anwser,861.2,866.8,80,1007_b,
1007,2,wm,34,,question,866.8,867.6,80,1007_b,
1007,2,wm,35,,anwser,887.6,893.7,53,1007_b,
1007,2,wm,35,,question,893.7,894.2,53,1007_b,
1007,2,wm,36,,anwser,906.7,912.1,67,1007_b,
1007,2,wm,36,,question,912.1,912.7,67,1007_b,
1007,2,wm,37,,anwser,924.9,930.2,64,1007_b,
1007,2,wm,37,,question,930.2,931.1,64,1007_b,
1007,2,wm,38,,anwser,944.5,950.1,66,1007_b,
1007,2,wm,38,,question,950.1,951,66,1007_b,
1007,2,wm,39,,anwser,969,974.5,43,1007_b,
1007,2,wm,39,,question,974.5,975.1,43,1007_b,
1007,2,wm,40,,anwser,990,995.6,74,1007_b,
1007,2,wm,40,,question,995.6,996.7,74,1007_b,
1008,1,normal,1,,question,86.1,91.7,12,1008_a,
1008,1,normal,1,,anwser,91.7,92.7,12,1008_a,
1008,1,normal,2,,question,95.9,101.9,6,1008_a,
1008,1,normal,2,,anwser,101.9,102.6,6,1008_a,
1008,1,normal,3,,question,103.9,109.8,39,1008_a,
1008,1,normal,3,,anwser,109.8,110.6,39,1008_a,
1008,1,normal,4,,question,112.4,118.4,36,1008_a,
1008,1,normal,4,,anwser,118.4,119.1,36,1008_a,
1008,1,normal,5,,question,120.2,125.7,35,1008_a,
1008,1,normal,5,,anwser,125.7,126.5,35,1008_a,
1008,1,normal,6,,question,127.7,133.2,10,1008_a,
1008,1,normal,6,,anwser,133.2,133.7,10,1008_a,
1008,1,normal,7,,question,135.2,140.4,8,1008_a,
1008,1,normal,7,,anwser,140.4,141.3,8,1008_a,
1008,1,normal,8,,question,142,147.8,38,1008_a,
1008,1,normal,8,,anwser,147.8,148.4,38,1008_a,
1008,1,normal,9,,question,149.2,154.7,37,1008_a,
1008,1,normal,9,,anwser,154.7,155.3,37,1008_a,
1008,1,normal,10,,question,156.8,162.2,1,1008_a,
1008,1,normal,10,,anwser,162.2,162.9,1,1008_a,
1008,1,normal,11,,question,164,169.8,18,1008_a,
1008,1,normal,11,,anwser,169.8,170.6,18,1008_a,
1008,1,normal,12,,question,171.9,177.6,9,1008_a,
1008,1,normal,12,,anwser,177.6,178.3,9,1008_a,
1008,1,normal,13,,question,179.7,185,16,1008_a,
1008,1,normal,13,,anwser,185,186,16,1008_a,
1008,1,normal,14,,question,187.5,192.6,32,1008_a,
1008,1,normal,14,,anwser,192.6,193.2,32,1008_a,
1008,1,normal,15,,question,194.4,200.1,25,1008_a,
1008,1,normal,15,,question,200,200.5,25,1008_a,
1008,1,normal,16,,anwser,201.4,207,4,1008_a,
1008,1,normal,16,,question,207,207.6,4,1008_a,
1008,1,normal,17,,anwser,208.7,214.3,40,1008_a,
1008,1,normal,17,,question,214.3,215.4,40,1008_a,
1008,1,normal,18,,anwser,216.6,222.1,5,1008_a,
1008,1,normal,18,,question,222.1,222.7,5,1008_a,
1008,1,normal,19,,anwser,223.8,229.8,15,1008_a,
1008,1,normal,19,,question,229.8,230.5,15,1008_a,
1008,1,normal,20,,anwser,232.2,237.8,31,1008_a,
1008,1,normal,20,,question,237.8,238.4,31,1008_a,
1008,1,normal,21,,anwser,239.3,245.3,3,1008_a,
1008,1,normal,21,,question,245.3,245.9,3,1008_a,
1008,1,normal,22,,anwser,246.8,252.8,2,1008_a,
1008,1,normal,22,,question,252.8,253.6,2,1008_a,
1008,1,normal,23,,anwser,255.2,260.5,21,1008_a,
1008,1,normal,23,,question,260.5,261.5,21,1008_a,
1008,1,normal,24,,anwser,262.5,268.1,34,1008_a,
1008,1,normal,24,,question,268.1,268.8,34,1008_a,
1008,1,normal,25,,anwser,269.7,275,13,1008_a,
1008,1,normal,25,,question,275,276,13,1008_a,
1008,1,normal,26,,anwser,277.5,283.1,30,1008_a,
1008,1,normal,26,,question,283.1,283.5,30,1008_a,
1008,1,normal,27,,anwser,284.8,290.1,29,1008_a,
1008,1,normal,27,,question,290.1,290.7,29,1008_a,
1008,1,normal,28,,anwser,292,297.9,17,1008_a,
1008,1,normal,28,,question,297.9,298.6,17,1008_a,
1008,1,normal,29,,anwser,300.2,305.9,24,1008_a,
1008,1,normal,29,,question,305.9,306.6,24,1008_a,
1008,1,normal,30,,anwser,308.4,313.8,23,1008_a,
1008,1,normal,30,,question,313.8,314.4,23,1008_a,
1008,1,normal,31,,anwser,315.5,320.9,33,1008_a,
1008,1,normal,31,,question,320.9,321.7,33,1008_a,
1008,1,normal,32,,anwser,322.9,328.5,26,1008_a,
1008,1,normal,32,,question,328.5,329.3,26,1008_a,
1008,1,normal,33,,anwser,329.9,335.5,22,1008_a,
1008,1,normal,33,,question,335.5,336.5,22,1008_a,
1008,1,normal,34,,anwser,338,343.4,27,1008_a,
1008,1,normal,34,,question,343.4,344.2,27,1008_a,
1008,1,normal,35,,anwser,345.3,350.9,28,1008_a,
1008,1,normal,35,,question,350.9,351.3,28,1008_a,
1008,1,normal,36,,anwser,352.9,358.3,11,1008_a,
1008,1,normal,36,,question,358,359,11,1008_a,
1008,1,normal,37,,anwser,360.4,366.1,19,1008_a,
1008,1,normal,37,,question,366.1,366.7,19,1008_a,
1008,1,normal,38,,anwser,367.9,373.5,7,1008_a,
1008,1,normal,38,,question,373.5,374.1,7,1008_a,
1008,1,normal,39,,anwser,375.3,380.7,14,1008_a,
1008,1,normal,39,,question,380.7,381.4,14,1008_a,
1008,1,normal,40,,anwser,382.9,390,20,1008_a,
1008,2,normal,40,,question,390,390.8,20,1008_a,
1008,2,normal,1,,anwser,42.6,48.6,58,1008_b,
1008,2,normal,1,,question,48.6,49,58,1008_b,
1008,2,normal,2,,anwser,50.1,55.9,53,1008_b,
1008,2,normal,2,,question,55.9,56.5,53,1008_b,
1008,2,normal,3,,anwser,57.8,63.1,69,1008_b,
1008,2,normal,3,,question,63.1,63.7,69,1008_b,
1008,2,normal,4,,anwser,64.9,70.4,76,1008_b,
1008,2,normal,4,,question,70.4,71.2,76,1008_b,
1008,2,normal,5,,anwser,73.7,79.5,52,1008_b,
1008,2,normal,5,,question,79.5,80.4,52,1008_b,
1008,2,normal,6,,anwser,81.6,87.4,68,1008_b,
1008,2,normal,6,,question,87.4,88.3,68,1008_b,
1008,2,normal,7,,anwser,89.7,95.3,45,1008_b,
1008,2,normal,7,,question,95.3,96.3,45,1008_b,
1008,2,normal,8,,anwser,97.6,103.1,48,1008_b,
1008,2,normal,8,,question,103.1,103.5,48,1008_b,
1008,2,normal,9,,anwser,104.5,110.3,41,1008_b,
1008,2,normal,9,,question,110.3,110.9,41,1008_b,
1008,2,normal,10,,anwser,111.9,117.6,64,1008_b,
1008,2,normal,10,,question,117.6,118.3,64,1008_b,
1008,2,normal,11,,anwser,119.7,125.3,80,1008_b,
1008,2,normal,11,,question,125.3,126.1,80,1008_b,
1008,2,normal,12,,anwser,128.2,133.1,59,1008_b,
1008,2,normal,12,,question,133.1,133.8,59,1008_b,
1008,2,normal,13,,anwser,135.4,141.1,62,1008_b,
1008,2,normal,13,,question,141.1,141.6,62,1008_b,
1008,2,normal,14,,anwser,143.3,148.8,63,1008_b,
1008,2,normal,14,,question,148.8,149.5,63,1008_b,
1008,2,normal,15,,anwser,150.6,156.3,46,1008_b,
1008,2,normal,15,,question,156.3,157,46,1008_b,
1008,2,normal,16,,anwser,157.9,163.8,61,1008_b,
1008,2,normal,16,,question,163.8,164.3,61,1008_b,
1008,2,normal,17,,anwser,165.7,171.2,47,1008_b,
1008,2,normal,17,,question,171.2,171.7,47,1008_b,
1008,2,normal,18,,anwser,172.9,178.2,44,1008_b,
1008,2,normal,18,,question,178.2,179.2,44,1008_b,
1008,2,normal,19,,anwser,181,186.3,79,1008_b,
1008,2,normal,19,,question,186.3,187,79,1008_b,
1008,2,normal,20,,anwser,188.4,193.9,74,1008_b,
1008,2,normal,20,,question,193.9,194.5,74,1008_b,
1008,2,normal,21,,anwser,195.7,201.2,56,1008_b,
1008,2,normal,21,,question,201.2,201.8,56,1008_b,
1008,2,normal,22,,anwser,204.2,209.1,55,1008_b,
1008,2,normal,22,,question,209.1,209.6,55,1008_b,
1008,2,normal,23,,anwser,211,216.4,42,1008_b,
1008,2,normal,23,,question,216.4,217,42,1008_b,
1008,2,normal,24,,anwser,218.6,224,66,1008_b,
1008,2,normal,24,,question,224,224.8,66,1008_b,
1008,2,normal,25,,anwser,226.5,232.2,75,1008_b,
1008,2,normal,25,,question,232.2,232.6,75,1008_b,
1008,2,normal,26,,anwser,234.1,239.9,51,1008_b,
1008,2,normal,26,,question,239.9,240.8,51,1008_b,
1008,2,normal,27,,anwser,241.8,247,73,1008_b,
1008,2,normal,27,,question,247,247.6,73,1008_b,
1008,2,normal,28,,anwser,249.2,254.9,49,1008_b,
1008,2,normal,28,,question,254.9,255.5,49,1008_b,
1008,2,normal,29,,anwser,256.9,262.6,77,1008_b,
1008,2,normal,29,,question,262.6,263.4,77,1008_b,
1008,2,normal,30,,anwser,264.3,269.8,60,1008_b,
1008,2,normal,30,,question,269.8,270.4,60,1008_b,
1008,2,normal,31,,anwser,272,278,50,1008_b,
1008,2,normal,31,,question,278,278.7,50,1008_b,
1008,2,normal,32,,anwser,279.5,285.2,54,1008_b,
1008,2,normal,32,,question,285.2,285.7,54,1008_b,
1008,2,normal,33,,anwser,287.1,292.8,67,1008_b,
1008,2,normal,33,,question,292.8,293.6,67,1008_b,
1008,2,normal,34,,anwser,294.4,300.1,72,1008_b,
1008,2,normal,34,,question,300.1,301.1,72,1008_b,
1008,2,normal,35,,anwser,302.1,308,78,1008_b,
1008,2,normal,35,,question,308,308.6,78,1008_b,
1008,2,normal,36,,anwser,309.7,315,43,1008_b,
1008,2,normal,36,,question,315,315.8,43,1008_b,
1008,2,normal,37,,anwser,316.9,322.9,71,1008_b,
1008,2,normal,37,,question,322.9,323.7,71,1008_b,
1008,2,normal,38,,anwser,324.7,330.6,65,1008_b,
1008,2,normal,38,,question,330.6,331.1,65,1008_b,
1008,2,normal,39,,anwser,332.7,338.3,57,1008_b,
1008,2,normal,39,,question,338.3,339.1,57,1008_b,
1008,2,normal,40,,anwser,340.2,346,70,1008_b,
1008,2,normal,40,,question,346,346.5,70,1008_b,
1009,1,wm,1,,question,53.7,59,6,1009_a,
1009,1,wm,1,,anwser,59,59.6,6,1009_a,
1009,1,wm,2,,question,84.6,90,31,1009_a,
1009,1,wm,2,,anwser,90,90.6,31,1009_a,
1009,1,wm,3,,question,113.2,118.4,36,1009_a,
1009,1,wm,3,,anwser,118.4,119.1,36,1009_a,
1009,1,wm,4,,question,135.8,141.3,3,1009_a,
1009,1,wm,4,,anwser,141.3,142.1,3,1009_a,
1009,1,wm,5,,question,154.2,159.6,40,1009_a,
1009,1,wm,5,,anwser,159.6,160.5,40,1009_a,
1009,1,wm,6,,question,171.7,176.9,26,1009_a,
1009,1,wm,6,,anwser,176.9,177.7,26,1009_a,
1009,1,wm,7,,question,190,195.3,28,1009_a,
1009,1,wm,7,,anwser,195.3,196,28,1009_a,
1009,1,wm,8,,question,209.4,214.8,2,1009_a,
1009,1,wm,8,,anwser,214.8,215.5,2,1009_a,
1009,1,wm,9,,question,226.5,232.5,24,1009_a,
1009,1,wm,9,,anwser,232.5,233.2,24,1009_a,
1009,1,wm,10,,question,244.9,250.3,11,1009_a,
1009,1,wm,10,,anwser,250.3,251.1,11,1009_a,
1009,1,wm,11,,question,264.3,269.8,33,1009_a,
1009,1,wm,11,,anwser,269.8,270.4,33,1009_a,
1009,1,wm,12,,question,282.1,287.4,34,1009_a,
1009,1,wm,12,,anwser,287.4,288.2,34,1009_a,
1009,1,wm,13,,question,298.8,304.2,22,1009_a,
1009,1,wm,13,,anwser,304.2,305.9,22,1009_a,
1009,1,wm,14,,question,318.1,323.8,23,1009_a,
1009,1,wm,14,,anwser,323.8,324.4,23,1009_a,
1009,1,wm,15,,question,335.1,340.6,20,1009_a,
1009,1,wm,15,,question,340.6,341.4,20,1009_a,
1009,1,wm,16,,anwser,361.5,367,21,1009_a,
1009,1,wm,16,,question,367,368.1,21,1009_a,
1009,1,wm,17,,anwser,380.6,385.7,32,1009_a,
1009,1,wm,17,,question,385.7,386.5,32,1009_a,
1009,1,wm,18,,anwser,397.5,402.9,9,1009_a,
1009,1,wm,18,,question,402.9,403.3,9,1009_a,
1009,1,wm,19,,anwser,414.4,420,39,1009_a,
1009,1,wm,19,,question,420,420.7,39,1009_a,
1009,1,wm,20,,anwser,433.1,438.3,8,1009_a,
1009,1,wm,20,,question,438.3,439,8,1009_a,
1009,1,wm,21,,anwser,451,456.4,19,1009_a,
1009,1,wm,21,,question,456.4,457.5,19,1009_a,
1009,1,wm,22,,anwser,469.5,474.4,17,1009_a,
1009,1,wm,22,,question,474.4,475.4,17,1009_a,
1009,1,wm,23,,anwser,488.2,493.4,13,1009_a,
1009,1,wm,23,,question,493.4,494,13,1009_a,
1009,1,wm,24,,anwser,510.6,516,14,1009_a,
1009,1,wm,24,,question,516,516.9,14,1009_a,
1009,1,wm,25,,anwser,530.3,535.9,30,1009_a,
1009,1,wm,25,,question,535.9,536.7,30,1009_a,
1009,1,wm,26,,anwser,549.5,554.7,35,1009_a,
1009,1,wm,26,,question,554.7,555.8,35,1009_a,
1009,1,wm,27,,anwser,570.4,575.8,27,1009_a,
1009,1,wm,27,,question,575.8,576.5,27,1009_a,
1009,1,wm,28,,anwser,587.2,592.7,5,1009_a,
1009,1,wm,28,,question,592.7,593.6,5,1009_a,
1009,1,wm,29,,anwser,606.1,611.2,10,1009_a,
1009,1,wm,29,,question,611.2,612.2,10,1009_a,
1009,1,wm,30,,anwser,625.2,630.7,25,1009_a,
1009,1,wm,30,,question,630.7,631.6,25,1009_a,
1009,1,wm,31,,anwser,650.3,655.7,29,1009_a,
1009,1,wm,31,,question,655.7,656.7,29,1009_a,
1009,1,wm,32,,anwser,668.5,674.1,4,1009_a,
1009,1,wm,32,,question,674.1,674.8,4,1009_a,
1009,1,wm,33,,anwser,685.6,691.1,38,1009_a,
1009,1,wm,33,,question,691.1,692,38,1009_a,
1009,1,wm,34,,anwser,703.8,709.3,15,1009_a,
1009,1,wm,34,,question,709.3,709.9,15,1009_a,
1009,1,wm,35,,anwser,722,747.4,18,1009_a,
1009,1,wm,35,,question,747.4,728.1,18,1009_a,
1009,1,wm,36,,anwser,739,744.5,16,1009_a,
1009,1,wm,36,,question,744.5,745.8,16,1009_a,
1009,1,wm,37,,anwser,759.5,766.8,7,1009_a,
1009,1,wm,37,,question,766.8,767.6,7,1009_a,
1009,1,wm,38,,anwser,778.5,783.9,37,1009_a,
1009,1,wm,38,,question,783.9,784.6,37,1009_a,
1009,1,wm,39,,anwser,795.8,801.2,1,1009_a,
1009,1,wm,39,,question,801.2,802,1,1009_a,
1009,1,wm,40,,anwser,812.8,818.2,12,1009_a,
1009,2,wm,40,,question,818.2,819.5,12,1009_a,
1009,2,wm,1,,anwser,66.8,72.2,62,1009_b,
1009,2,wm,1,,question,72.2,73,62,1009_b,
1009,2,wm,2,,anwser,84.1,89.3,42,1009_b,
1009,2,wm,2,,question,89.3,91,42,1009_b,
1009,2,wm,3,,anwser,102.6,108.1,49,1009_b,
1009,2,wm,3,,question,108.1,109,49,1009_b,
1009,2,wm,4,,anwser,120.4,126.1,47,1009_b,
1009,2,wm,4,,question,126.1,126.9,47,1009_b,
1009,2,wm,5,,anwser,137.1,142.4,43,1009_b,
1009,2,wm,5,,question,142.4,142.9,43,1009_b,
1009,2,wm,6,,anwser,159.5,165,46,1009_b,
1009,2,wm,6,,question,165,166.1,46,1009_b,
1009,2,wm,7,,anwser,179.1,184.6,59,1009_b,
1009,2,wm,7,,question,184.6,185.6,59,1009_b,
1009,2,wm,8,,anwser,198.1,203.8,54,1009_b,
1009,2,wm,8,,question,203.8,204.4,54,1009_b,
1009,2,wm,9,,anwser,215.3,220.9,57,1009_b,
1009,2,wm,9,,question,220.9,221.4,57,1009_b,
1009,2,wm,10,,anwser,232.6,238.1,41,1009_b,
1009,2,wm,10,,question,238.1,239,41,1009_b,
1009,2,wm,11,,anwser,250.5,256,72,1009_b,
1009,2,wm,11,,question,256,256.6,72,1009_b,
1009,2,wm,12,,anwser,271.2,277,78,1009_b,
1009,2,wm,12,,question,277,277.8,78,1009_b,
1009,2,wm,13,,anwser,289,294,71,1009_b,
1009,2,wm,13,,question,294,295,71,1009_b,
1009,2,wm,14,,anwser,310.9,316.3,73,1009_b,
1009,2,wm,14,,question,316.3,317,73,1009_b,
1009,2,wm,15,,anwser,329.3,334.7,51,1009_b,
1009,2,wm,15,,question,334.7,335.2,51,1009_b,
1009,2,wm,16,,anwser,346.9,352.2,76,1009_b,
1009,2,wm,16,,question,352.2,353,76,1009_b,
1009,2,wm,17,,anwser,365.4,371,69,1009_b,
1009,2,wm,17,,question,371,371.7,69,1009_b,
1009,2,wm,18,,anwser,385.3,390.7,65,1009_b,
1009,2,wm,18,,question,390.7,391.3,65,1009_b,
1009,2,wm,19,,anwser,402.5,407.9,67,1009_b,
1009,2,wm,19,,question,407.9,408.6,67,1009_b,
1009,2,wm,20,,anwser,418.7,424.2,55,1009_b,
1009,2,wm,20,,question,424.2,425,55,1009_b,
1009,2,wm,21,,anwser,436.1,441.6,45,1009_b,
1009,2,wm,21,,question,441.6,442.2,45,1009_b,
1009,2,wm,22,,anwser,454.4,459.8,64,1009_b,
1009,2,wm,22,,question,459.8,460,64,1009_b,
1009,2,wm,23,,anwser,478.1,483.4,56,1009_b,
1009,2,wm,23,,question,483.4,484.1,56,1009_b,
1009,2,wm,24,,anwser,496.5,502,53,1009_b,
1009,2,wm,24,,question,502,503,53,1009_b,
1009,2,wm,25,,anwser,514,519.4,61,1009_b,
1009,2,wm,25,,question,519.4,520.1,61,1009_b,
1009,2,wm,26,,anwser,531.2,536.8,70,1009_b,
1009,2,wm,26,,question,536.8,537.6,70,1009_b,
1009,2,wm,27,,anwser,548.4,553.6,58,1009_b,
1009,2,wm,27,,question,553.6,554.5,58,1009_b,
1009,2,wm,28,,anwser,567.4,573,50,1009_b,
1009,2,wm,28,,question,573,573.8,50,1009_b,
1009,2,wm,29,,anwser,584.5,589.7,60,1009_b,
1009,2,wm,29,,question,589.7,590.7,60,1009_b,
1009,2,wm,30,,anwser,601.4,607,48,1009_b,
1009,2,wm,30,,question,607,608.1,48,1009_b,
1009,2,wm,31,,anwser,619.2,624.8,74,1009_b,
1009,2,wm,31,,question,624.8,625.4,74,1009_b,
1009,2,wm,32,,anwser,636.8,642.2,79,1009_b,
1009,2,wm,32,,question,642.2,642.9,79,1009_b,
1009,2,wm,33,,anwser,655,660.6,75,1009_b,
1009,2,wm,33,,question,660.6,661.2,75,1009_b,
1009,2,wm,34,,anwser,672.2,677.6,66,1009_b,
1009,2,wm,34,,question,677.6,678.5,66,1009_b,
1009,2,wm,35,,anwser,689.7,695.1,68,1009_b,
1009,2,wm,35,,question,695.1,695.9,68,1009_b,
1009,2,wm,36,,anwser,707.3,712.6,63,1009_b,
1009,2,wm,36,,question,712.6,713.3,63,1009_b,
1009,2,wm,37,,anwser,725,730.7,80,1009_b,
1009,2,wm,37,,question,730.7,731.7,80,1009_b,
1009,2,wm,38,,anwser,741.8,747.4,52,1009_b,
1009,2,wm,38,,question,747.4,748.1,52,1009_b,
1009,2,wm,39,,anwser,759.9,765.5,44,1009_b,
1009,2,wm,39,,question,765.5,765.9,44,1009_b,
1009,2,wm,40,,anwser,778.5,784,77,1009_b,
1009,2,wm,40,,question,784.5,784.5,77,1009_b,
1010,1,wm,1,,question,40.7,46.2,40,1010_a,
1010,1,wm,1,,anwser,46.2,47.2,40,1010_a,
1010,1,wm,2,,question,62,67.8,11,1010_a,
1010,1,wm,2,,anwser,67.8,68.3,11,1010_a,
1010,1,wm,3,,question,80.9,86.7,35,1010_a,
1010,1,wm,3,,anwser,86.7,87.8,35,1010_a,
1010,1,wm,4,,question,101.5,107.2,15,1010_a,
1010,1,wm,4,,anwser,107.2,108.2,25,1010_a,
1010,1,wm,5,,question,124.2,130.4,27,1010_a,
1010,1,wm,5,,anwser,130.4,131.4,27,1010_a,
1010,1,wm,6,,question,145.5,151,34,1010_a,
1010,1,wm,6,,anwser,151,151.8,34,1010_a,
1010,1,wm,7,,question,165.8,171.5,10,1010_a,
1010,1,wm,7,,anwser,171.5,172.2,10,1010_a,
1010,1,wm,8,,question,184.9,190.6,22,1010_a,
1010,1,wm,8,,anwser,190.6,191.2,22,1010_a,
1010,1,wm,9,,question,204.8,210.6,39,1010_a,
1010,1,wm,9,,anwser,210.6,211.6,39,1010_a,
1010,1,wm,10,,question,225,230.9,20,1010_a,
1010,1,wm,10,,anwser,232.1,232.8,20,1010_a,
1010,1,wm,11,,question,246.8,252.5,8,1010_a,
1010,1,wm,11,,anwser,252.5,253.7,8,1010_a,
1010,1,wm,12,,question,267.8,273.6,1,1010_a,
1010,1,wm,12,,anwser,273.6,274.3,1,1010_a,
1010,1,wm,13,,question,289.5,295.3,36,1010_a,
1010,1,wm,13,,anwser,295.3,296.3,36,1010_a,
1010,1,wm,14,,question,310,315.9,38,1010_a,
1010,1,wm,14,,anwser,315.9,316.5,38,1010_a,
1010,1,wm,15,,question,329.3,335,33,1010_a,
1010,1,wm,15,,question,335,336.2,33,1010_a,
1010,1,wm,16,,anwser,349.9,355.7,3,1010_a,
1010,1,wm,16,,question,355.7,356.4,3,1010_a,
1010,1,wm,17,,anwser,371.8,377.5,21,1010_a,
1010,1,wm,17,,question,377.5,378.2,21,1010_a,
1010,1,wm,18,,anwser,391.9,397.5,5,1010_a,
1010,1,wm,18,,question,397.5,398.1,5,1010_a,
1010,1,wm,19,,anwser,411.1,417,17,1010_a,
1010,1,wm,19,,question,417,418.4,17,1010_a,
1010,1,wm,20,,anwser,431.3,437.1,23,1010_a,
1010,1,wm,20,,question,437.1,438.2,23,1010_a,
1010,1,wm,21,,anwser,452.1,457.9,14,1010_a,
1010,1,wm,21,,question,457.9,458.4,14,1010_a,
1010,1,wm,22,,anwser,473.1,478.9,18,1010_a,
1010,1,wm,22,,question,478.9,479.6,18,1010_a,
1010,1,wm,23,,anwser,493.1,498.7,37,1010_a,
1010,1,wm,23,,question,498.7,499.4,37,1010_a,
1010,1,wm,24,,anwser,512.8,518.6,24,1010_a,
1010,1,wm,24,,question,518.6,519.1,24,1010_a,
1010,1,wm,25,,anwser,532.5,538.1,2,1010_a,
1010,1,wm,25,,question,538.1,538.8,2,1010_a,
1010,1,wm,26,,anwser,551.9,557.7,31,1010_a,
1010,1,wm,26,,question,557.7,558.6,31,1010_a,
1010,1,wm,27,,anwser,572,578.1,30,1010_a,
1010,1,wm,27,,question,578.1,579,30,1010_a,
1010,1,wm,28,,anwser,591.8,597.8,9,1010_a,
1010,1,wm,28,,question,597.8,598.7,9,1010_a,
1010,1,wm,29,,anwser,612.1,617.9,12,1010_a,
1010,1,wm,29,,question,617.9,618.8,12,1010_a,
1010,1,wm,30,,anwser,632.9,638.6,28,1010_a,
1010,1,wm,30,,question,638.6,639.5,28,1010_a,
1010,1,wm,31,,anwser,652.9,658.8,25,1010_a,
1010,1,wm,31,,question,658.8,659.5,25,1010_a,
1010,1,wm,32,,anwser,671.8,677.6,32,1010_a,
1010,1,wm,32,,question,677.6,678.3,32,1010_a,
1010,1,wm,33,,anwser,694.3,700.5,16,1010_a,
1010,1,wm,33,,question,700.5,701.1,16,1010_a,
1010,1,wm,34,,anwser,715.3,721.1,26,1010_a,
1010,1,wm,34,,question,721.1,722,26,1010_a,
1010,1,wm,35,,anwser,735.3,741.1,13,1010_a,
1010,1,wm,35,,question,741.1,741.8,13,1010_a,
1010,1,wm,36,,anwser,755.9,761.6,4,1010_a,
1010,1,wm,36,,question,761.6,762.2,4,1010_a,
1010,1,wm,37,,anwser,776.7,782.7,29,1010_a,
1010,1,wm,37,,question,782.7,783.4,29,1010_a,
1010,1,wm,38,,anwser,796.6,802.5,19,1010_a,
1010,1,wm,38,,question,802.5,803.1,19,1010_a,
1010,1,wm,39,,anwser,818.2,823.9,7,1010_a,
1010,1,wm,39,,question,823.9,824.4,7,1010_a,
1010,1,wm,40,,anwser,837.7,843.7,6,1010_a,
1010,2,wm,40,,question,843.7,844.8,6,1010_a,
1010,2,wm,1,,anwser,84.2,89.9,66,1010_b,
1010,2,wm,1,,question,89.9,90.5,66,1010_b,
1010,2,wm,2,,anwser,103.7,109.6,51,1010_b,
1010,2,wm,2,,question,109.6,110.3,51,1010_b,
1010,2,wm,3,,anwser,123,128.6,65,1010_b,
1010,2,wm,3,,question,128.6,129.2,65,1010_b,
1010,2,wm,4,,anwser,144.5,150.2,55,1010_b,
1010,2,wm,4,,question,150.2,151,55,1010_b,
1010,2,wm,5,,anwser,164.5,170.2,69,1010_b,
1010,2,wm,5,,question,170.2,170.8,69,1010_b,
1010,2,wm,6,,anwser,186.5,192.3,61,1010_b,
1010,2,wm,6,,question,192.3,193.2,61,1010_b,
1010,2,wm,7,,anwser,207.1,213,57,1010_b,
1010,2,wm,7,,question,213,214.9,57,1010_b,
1010,2,wm,8,,anwser,227.2,233,45,1010_b,
1010,2,wm,8,,question,233,233.5,45,1010_b,
1010,2,wm,9,,anwser,247.3,253,56,1010_b,
1010,2,wm,9,,question,253,253.5,56,1010_b,
1010,2,wm,10,,anwser,267.4,273.1,77,1010_b,
1010,2,wm,10,,question,273.1,273.8,77,1010_b,
1010,2,wm,11,,anwser,287.3,293.2,74,1010_b,
1010,2,wm,11,,question,293.2,294,74,1010_b,
1010,2,wm,12,,anwser,308.3,314,63,1010_b,
1010,2,wm,12,,question,314,314.5,63,1010_b,
1010,2,wm,13,,anwser,330.1,336,75,1010_b,
1010,2,wm,13,,question,336,336.7,75,1010_b,
1010,2,wm,14,,anwser,350.4,356.3,78,1010_b,
1010,2,wm,14,,question,356.3,356.9,78,1010_b,
1010,2,wm,15,,anwser,370.9,376.6,58,1010_b,
1010,2,wm,15,,question,376.6,377.6,58,1010_b,
1010,2,wm,16,,anwser,393.8,399.7,48,1010_b,
1010,2,wm,16,,question,399.7,400.5,48,1010_b,
1010,2,wm,17,,anwser,414.8,420.6,42,1010_b,
1010,2,wm,17,,question,420.6,421.4,42,1010_b,
1010,2,wm,18,,anwser,434.7,440.5,46,1010_b,
1010,2,wm,18,,question,440.5,441.2,46,1010_b,
1010,2,wm,19,,anwser,454.8,460.6,54,1010_b,
1010,2,wm,19,,question,460.6,461.3,54,1010_b,
1010,2,wm,20,,anwser,475.6,481.4,62,1010_b,
1010,2,wm,20,,question,481.4,482.6,62,1010_b,
1010,2,wm,21,,anwser,496.8,502.7,73,1010_b,
1010,2,wm,21,,question,502.7,503.5,73,1010_b,
1010,2,wm,22,,anwser,517.8,523.6,59,1010_b,
1010,2,wm,22,,question,523.6,524.3,59,1010_b,
1010,2,wm,23,,anwser,538.6,544.4,52,1010_b,
1010,2,wm,23,,question,544.4,545.6,52,1010_b,
1010,2,wm,24,,anwser,559,565.1,64,1010_b,
1010,2,wm,24,,question,565.1,565.6,64,1010_b,
1010,2,wm,25,,anwser,579.8,585.8,44,1010_b,
1010,2,wm,25,,question,585.8,586.8,44,1010_b,
1010,2,wm,26,,anwser,601.5,607.2,72,1010_b,
1010,2,wm,26,,question,607.2,607.9,72,1010_b,
1010,2,wm,27,,anwser,620.9,626.7,47,1010_b,
1010,2,wm,27,,question,626.7,627.3,47,1010_b,
1010,2,wm,28,,anwser,641.6,647.6,43,1010_b,
1010,2,wm,28,,question,647.6,648.4,43,1010_b,
1010,2,wm,29,,anwser,661.7,667.5,76,1010_b,
1010,2,wm,29,,question,667.5,668.6,76,1010_b,
1010,2,wm,30,,anwser,682.9,688.6,67,1010_b,
1010,2,wm,30,,question,688.6,689.3,67,1010_b,
1010,2,wm,31,,anwser,702.8,708.7,68,1010_b,
1010,2,wm,31,,question,708.7,709.4,68,1010_b,
1010,2,wm,32,,anwser,724.8,730.7,71,1010_b,
1010,2,wm,32,,question,730.7,731.5,71,1010_b,
1010,2,wm,33,,anwser,746.7,752.8,50,1010_b,
1010,2,wm,33,,question,752.8,753.3,50,1010_b,
1010,2,wm,34,,anwser,767.3,773.2,79,1010_b,
1010,2,wm,34,,question,773.2,774.5,79,1010_b,
1010,2,wm,35,,anwser,790.1,795.9,60,1010_b,
1010,2,wm,35,,question,795.9,796.6,60,1010_b,
1010,2,wm,36,,anwser,810.3,816.1,70,1010_b,
1010,2,wm,36,,question,816.1,817.2,70,1010_b,
1010,2,wm,37,,anwser,831.9,837.9,80,1010_b,
1010,2,wm,37,,question,837.9,839,80,1010_b,
1010,2,wm,38,,anwser,853.8,859.8,49,1010_b,
1010,2,wm,38,,question,859.8,860.3,49,1010_b,
1010,2,wm,39,,anwser,873,879.1,41,1010_b,
1010,2,wm,39,,question,879.1,880,41,1010_b,
1010,2,wm,40,,anwser,892.8,898.5,53,1010_b,
1010,2,wm,40,,question,898.5,899.1,53,1010_b,
1011,1,wm,1,,question,75.7,81.2,18,1011_a,
1011,1,wm,1,,anwser,81.2,83.2,18,1011_a,
1011,1,wm,2,,question,87,92.9,12,1011_a,
1011,1,wm,2,,anwser,92.9,94.5,12,1011_a,
1011,1,wm,3,,question,98.7,104.7,38,1011_a,
1011,1,wm,3,,anwser,104.7,105.8,38,1011_a,
1011,1,wm,4,,question,108.3,114.3,6,1011_a,
1011,1,wm,4,,anwser,114.3,115.2,6,1011_a,
1011,1,wm,5,,question,118.1,123.9,17,1011_a,
1011,1,wm,5,,anwser,123.9,125.9,17,1011_a,
1011,1,wm,6,,question,128.4,134.2,13,1011_a,
1011,1,wm,6,,anwser,134.2,135.7,13,1011_a,
1011,1,wm,7,,question,137.5,143.4,39,1011_a,
1011,1,wm,7,,anwser,143.4,144.9,39,1011_a,
1011,1,wm,8,,question,147.1,152.7,2,1011_a,
1011,1,wm,8,,anwser,152.7,155,2,1011_a,
1011,1,wm,9,,question,156.8,162.4,33,1011_a,
1011,1,wm,9,,anwser,162.4,163.5,33,1011_a,
1011,1,wm,10,,question,165.2,171.2,1,1011_a,
1011,1,wm,10,,anwser,171.2,171.9,1,1011_a,
1011,1,wm,11,,question,174,179.8,34,1011_a,
1011,1,wm,11,,anwser,179.8,181.2,34,1011_a,
1011,1,wm,12,,question,182.9,189.1,37,1011_a,
1011,1,wm,12,,anwser,189.1,189.6,37,1011_a,
1011,1,wm,13,,question,192.4,198.2,10,1011_a,
1011,1,wm,13,,anwser,198.2,200.1,10,1011_a,
1011,1,wm,14,,question,202.5,208.3,25,1011_a,
1011,1,wm,14,,anwser,208.3,209.3,25,1011_a,
1011,1,wm,15,,question,211.5,217.4,16,1011_a,
1011,1,wm,15,,question,217.4,218.7,16,1011_a,
1011,1,wm,16,,anwser,220.6,226.6,23,1011_a,
1011,1,wm,16,,question,226.6,227.6,23,1011_a,
1011,1,wm,17,,anwser,230,235.6,32,1011_a,
1011,1,wm,17,,question,235.6,236.9,32,1011_a,
1011,1,wm,18,,anwser,238.8,244.7,30,1011_a,
1011,1,wm,18,,question,244.7,245.6,30,1011_a,
1011,1,wm,19,,anwser,247.3,253,7,1011_a,
1011,1,wm,19,,question,253,254.5,7,1011_a,
1011,1,wm,20,,anwser,256.2,262.1,20,1011_a,
1011,1,wm,20,,question,262.1,263.2,20,1011_a,
1011,1,wm,21,,anwser,265.1,270.9,22,1011_a,
1011,1,wm,21,,question,270.9,272.1,22,1011_a,
1011,1,wm,22,,anwser,274,279.5,15,1011_a,
1011,1,wm,22,,question,279.5,280.6,15,1011_a,
1011,1,wm,23,,anwser,282.7,288.4,24,1011_a,
1011,1,wm,23,,question,288.4,289.3,24,1011_a,
1011,1,wm,24,,anwser,290.7,296.8,11,1011_a,
1011,1,wm,24,,question,296.8,297.5,11,1011_a,
1011,1,wm,25,,anwser,300.7,306.4,27,1011_a,
1011,1,wm,25,,question,306.4,307,27,1011_a,
1011,1,wm,26,,anwser,309,315.1,3,1011_a,
1011,1,wm,26,,question,315.1,315.8,3,1011_a,
1011,1,wm,27,,anwser,317.7,323.5,4,1011_a,
1011,1,wm,27,,question,323.5,324.2,4,1011_a,
1011,1,wm,28,,anwser,327.7,333.3,14,1011_a,
1011,1,wm,28,,question,333.3,334.2,14,1011_a,
1011,1,wm,29,,anwser,336.2,341.9,26,1011_a,
1011,1,wm,29,,question,341.9,343,26,1011_a,
1011,1,wm,30,,anwser,345.2,350.8,9,1011_a,
1011,1,wm,30,,question,350.8,352.2,9,1011_a,
1011,1,wm,31,,anwser,353.5,359.7,8,1011_a,
1011,1,wm,31,,question,359.7,360.7,8,1011_a,
1011,1,wm,32,,anwser,362.6,368.3,19,1011_a,
1011,1,wm,32,,question,368.3,369.7,19,1011_a,
1011,1,wm,33,,anwser,371.2,376.7,29,1011_a,
1011,1,wm,33,,question,376.7,377.7,29,1011_a,
1011,1,wm,34,,anwser,379.6,385.9,28,1011_a,
1011,1,wm,34,,question,385.9,386.8,28,1011_a,
1011,1,wm,35,,anwser,388.9,394.9,40,1011_a,
1011,1,wm,35,,question,394.9,395.6,40,1011_a,
1011,1,wm,36,,anwser,398.1,403.9,36,1011_a,
1011,1,wm,36,,question,403.9,404.8,36,1011_a,
1011,1,wm,37,,anwser,407.3,412.9,21,1011_a,
1011,1,wm,37,,question,412.9,414.4,21,1011_a,
1011,1,wm,38,,anwser,416.7,422.5,35,1011_a,
1011,1,wm,38,,question,422.5,423.6,35,1011_a,
1011,1,wm,39,,anwser,425.4,431.1,5,1011_a,
1011,1,wm,39,,question,431.1,432.2,5,1011_a,
1011,1,wm,40,,anwser,434,440.1,31,1011_a,
1011,2,wm,40,,question,440.1,441.5,31,1011_a,
1011,2,wm,1,,anwser,49.4,55.1,75,1011_b,
1011,2,wm,1,,question,55.1,56.2,75,1011_b,
1011,2,wm,2,,anwser,57.6,63.7,64,1011_b,
1011,2,wm,2,,question,63.7,65.3,64,1011_b,
1011,2,wm,3,,anwser,66.7,72.6,70,1011_b,
1011,2,wm,3,,question,72.6,74.2,70,1011_b,
1011,2,wm,4,,anwser,76.1,82,48,1011_b,
1011,2,wm,4,,question,82,83.5,48,1011_b,
1011,2,wm,5,,anwser,85.6,91,51,1011_b,
1011,2,wm,5,,question,91,92.2,51,1011_b,
1011,2,wm,6,,anwser,94.2,99.7,67,1011_b,
1011,2,wm,6,,question,99.7,101,67,1011_b,
1011,2,wm,7,,anwser,103,108.7,79,1011_b,
1011,2,wm,7,,question,108.7,110.5,79,1011_b,
1011,2,wm,8,,anwser,112.5,119.1,57,1011_b,
1011,2,wm,8,,question,119.1,119.8,57,1011_b,
1011,2,wm,9,,anwser,122,127.8,61,1011_b,
1011,2,wm,9,,question,127.8,128.6,61,1011_b,
1011,2,wm,10,,anwser,130.2,136.2,42,1011_b,
1011,2,wm,10,,question,136.2,138,42,1011_b,
1011,2,wm,11,,anwser,139.8,145.9,73,1011_b,
1011,2,wm,11,,question,145.9,146.6,73,1011_b,
1011,2,wm,12,,anwser,148.3,154.2,49,1011_b,
1011,2,wm,12,,question,154.2,155.4,49,1011_b,
1011,2,wm,13,,anwser,157.3,163.2,65,1011_b,
1011,2,wm,13,,question,163.2,163.8,65,1011_b,
1011,2,wm,14,,anwser,165.6,171.7,63,1011_b,
1011,2,wm,14,,question,171.7,173.1,63,1011_b,
1011,2,wm,15,,anwser,175.1,181.3,60,1011_b,
1011,2,wm,15,,question,181.3,182.1,60,1011_b,
1011,2,wm,16,,anwser,184.1,189.9,72,1011_b,
1011,2,wm,16,,question,189.9,190.9,72,1011_b,
1011,2,wm,17,,anwser,192.9,198.6,80,1011_b,
1011,2,wm,17,,question,198.6,199.9,80,1011_b,
1011,2,wm,18,,anwser,201.5,207.4,43,1011_b,
1011,2,wm,18,,question,207.4,208.3,43,1011_b,
1011,2,wm,19,,anwser,209.9,216.4,59,1011_b,
1011,2,wm,19,,question,216.4,217.4,59,1011_b,
1011,2,wm,20,,anwser,219.4,225.7,71,1011_b,
1011,2,wm,20,,question,225.7,226.3,71,1011_b,
1011,2,wm,21,,anwser,228.7,234.5,54,1011_b,
1011,2,wm,21,,question,234.5,235.5,54,1011_b,
1011,2,wm,22,,anwser,238.3,244.1,62,1011_b,
1011,2,wm,22,,question,244.1,245.2,62,1011_b,
1011,2,wm,23,,anwser,247,253,55,1011_b,
1011,2,wm,23,,question,253,253.9,55,1011_b,
1011,2,wm,24,,anwser,255.9,261.8,77,1011_b,
1011,2,wm,24,,question,261.8,262.6,77,1011_b,
1011,2,wm,25,,anwser,264.4,270.3,66,1011_b,
1011,2,wm,25,,question,270.3,271.5,66,1011_b,
1011,2,wm,26,,anwser,273.4,279,58,1011_b,
1011,2,wm,26,,question,279,280.1,58,1011_b,
1011,2,wm,27,,anwser,281.8,287.6,52,1011_b,
1011,2,wm,27,,question,287.6,288.5,52,1011_b,
1011,2,wm,28,,anwser,290.4,295.9,45,1011_b,
1011,2,wm,28,,question,295.9,296.8,45,1011_b,
1011,2,wm,29,,anwser,298.5,304.2,74,1011_b,
1011,2,wm,29,,question,304.2,305.2,74,1011_b,
1011,2,wm,30,,anwser,307.2,313.3,46,1011_b,
1011,2,wm,30,,question,313.3,314.7,46,1011_b,
1011,2,wm,31,,anwser,316.3,322.2,53,1011_b,
1011,2,wm,31,,question,322.2,323.1,53,1011_b,
1011,2,wm,32,,anwser,325.3,331.3,41,1011_b,
1011,2,wm,32,,question,331.3,332.2,41,1011_b,
1011,2,wm,33,,anwser,334.2,340.6,44,1011_b,
1011,2,wm,33,,question,340.6,341.3,44,1011_b,
1011,2,wm,34,,anwser,343.7,349.4,68,1011_b,
1011,2,wm,34,,question,349.4,351,68,1011_b,
1011,2,wm,35,,anwser,353,358.8,69,1011_b,
1011,2,wm,35,,question,358.8,360.1,69,1011_b,
1011,2,wm,36,,anwser,362.6,368.4,78,1011_b,
1011,2,wm,36,,question,368.4,369.4,78,1011_b,
1011,2,wm,37,,anwser,371.1,377,56,1011_b,
1011,2,wm,37,,question,377,377.8,56,1011_b,
1011,2,wm,38,,anwser,379.9,385.6,47,1011_b,
1011,2,wm,38,,question,385.6,386.8,47,1011_b,
1011,2,wm,39,,anwser,388.9,394.7,76,1011_b,
1011,2,wm,39,,question,394.7,397.1,76,1011_b,
1011,2,wm,40,,anwser,399.3,405.2,50,1011_b,
1011,2,wm,40,,question,405.2,405.9,50,1011_b,